opt, freq
1, 0.01834
2, 0.23143
3, 0.05681
4, 0.69342
