opt, freq
1, 0.11924
2, 0.43396
3, 0.09578
4, 0.35102
