opt, freq
1, 0.16054
2, 0.08758
3, 0.48868
4, 0.2632
