opt, freq
1, 0.01101
2, 0.60271
3, 0.00685
4, 0.37943
