opt, freq
1, 0.1892
2, 0.01538
3, 0.73738
4, 0.05804
