opt, freq
1, 0.6416
2, 0.12841
3, 0.19079
4, 0.0392
