opt, freq
1, 0.7158
2, 0.05436
3, 0.21332
4, 0.01652
