opt, freq
1, 0.4325
2, 0.19498
3, 0.2592
4, 0.11332
