opt, freq
1, 0.57818
2, 0.03099
3, 0.37064
4, 0.02019
