opt, freq
1, 0.24205
2, 0.63446
3, 0.03341
4, 0.09008
