opt, freq
1, 0.06955
2, 0.32412
3, 0.10808
4, 0.49825
