opt, freq
1, 0.29543
2, 0.0519
3, 0.55435
4, 0.09832
