opt, freq
1, 0.18733
2, 0.54539
3, 0.0682
4, 0.19908
