opt, freq
1, 0.81033
2, 0.05993
3, 0.12037
4, 0.00937
