opt, freq
1, 0.62693
3, 0.37307
