opt, freq
1, 0.4353
2, 0.51844
3, 0.02043
4, 0.02583
