opt, freq
1, 0.25079
2, 0.42218
3, 0.12082
4, 0.20621
