opt, freq
1, 0.11297
2, 0.05105
3, 0.57349
4, 0.26249
