opt, freq
1, 0.09967
2, 0.12899
3, 0.334
4, 0.43734
