opt, freq
1, 0.09686
2, 0.80693
3, 0.01068
4, 0.08553
