opt, freq
1, 0.24333
2, 0.12285
3, 0.42605
4, 0.20777
