opt, freq
1, 0.529
2, 0.14031
3, 0.2608
4, 0.06989
