opt, freq
1, 0.11809
2, 0.0704
3, 0.51188
4, 0.29963
