opt, freq
1, 0.18221
2, 0.04242
3, 0.62758
4, 0.14779
