opt, freq
1, 0.14199
2, 0.12459
3, 0.38952
4, 0.3439
