opt, freq
1, 0.22024
2, 0.4718
3, 0.09621
4, 0.21175
