opt, freq
1, 0.19364
2, 0.2561
3, 0.23759
4, 0.31267
