opt, freq
1, 0.52851
2, 0.16018
3, 0.23966
4, 0.07165
