opt, freq
1, 0.23938
2, 0.15254
3, 0.37299
4, 0.23509
