opt, freq
1, 0.69178
2, 0.16032
3, 0.11962
4, 0.02828
