opt, freq
1, 0.42367
2, 0.46883
3, 0.05177
4, 0.05573
