opt, freq
1, 0.16181
2, 0.04374
3, 0.62646
4, 0.16799
