opt, freq
1, 0.03382
2, 0.21646
3, 0.10358
4, 0.64614
