opt, freq
1, 0.21315
2, 0.05177
3, 0.59633
4, 0.13875
