opt, freq
1, 0.42712
2, 0.10097
3, 0.3832
4, 0.08871
