opt, freq
1, 0.26286
2, 0.06374
3, 0.54374
4, 0.12966
