opt, freq
1, 0.14699
2, 0.16182
3, 0.32441
4, 0.36678
