opt, freq
1, 0.60332
2, 0.04615
3, 0.32634
4, 0.02419
