opt, freq
1, 0.11527
2, 0.15006
3, 0.3179
4, 0.41677
