opt, freq
1, 0.2549
2, 0.6605
3, 0.02347
4, 0.06113
