opt, freq
1, 0.40975
2, 0.36097
3, 0.12149
4, 0.10779
