opt, freq
1, 0.10778
2, 0.1794
3, 0.26194
4, 0.45088
