opt, freq
1, 0.05021
2, 0.01241
3, 0.75473
4, 0.18265
