opt, freq
1, 0.38268
3, 0.61732
