opt, freq
1, 0.14908
2, 0.60537
3, 0.04769
4, 0.19786
