opt, freq
1, 0.16062
2, 0.47227
3, 0.0928
4, 0.27431
