opt, freq
1, 0.82821
2, 0.14457
3, 0.02283
4, 0.00439
