opt, freq
1, 0.45137
2, 0.24146
3, 0.20066
4, 0.10651
