opt, freq
1, 0.27512
2, 0.00989
3, 0.69207
4, 0.02292
