opt, freq
1, 0.32114
2, 0.32944
3, 0.1719
4, 0.17752
