opt, freq
1, 0.39271
2, 0.15859
3, 0.31822
4, 0.13048
