opt, freq
1, 0.17383
2, 0.80225
3, 0.00408
4, 0.01984
