opt, freq
1, 0.49456
2, 0.50004
3, 0.00189
4, 0.00351
