opt, freq
1, 0.05985
2, 0.91638
3, 0.00126
4, 0.02251
