opt, freq
1, 0.09479
2, 0.19054
3, 0.23776
4, 0.47691
