opt, freq
1, 0.46878
2, 0.01649
3, 0.49827
4, 0.01646
