opt, freq
1, 0.30446
2, 0.08211
3, 0.48642
4, 0.12701
