opt, freq
1, 0.30511
2, 0.10278
3, 0.44553
4, 0.14658
