opt, freq
1, 0.17976
2, 0.00296
3, 0.80652
4, 0.01076
