opt, freq
1, 0.16903
2, 0.16112
3, 0.34346
4, 0.32639
