opt, freq
1, 0.23122
2, 0.50261
3, 0.08396
4, 0.18221
