opt, freq
1, 0.09768
2, 0.73619
3, 0.02032
4, 0.14581
