opt, freq
1, 0.31189
2, 0.43949
3, 0.10259
4, 0.14603
