opt, freq
1, 0.02627
2, 0.14064
3, 0.12838
4, 0.70471
