opt, freq
1, 0.00277
2, 0.08469
3, 0.03294
4, 0.8796
