opt, freq
1, 0.088
2, 0.17798
3, 0.24508
4, 0.48894
