opt, freq
1, 0.4231
2, 0.24891
3, 0.20758
4, 0.12041
