opt, freq
1, 0.2589
2, 0.51535
3, 0.07577
4, 0.14998
