opt, freq
1, 0.06978
2, 0.80765
3, 0.00951
4, 0.11306
