opt, freq
1, 0.03937
2, 0.00234
3, 0.90759
4, 0.0507
