opt, freq
1, 0.02967
2, 0.50423
3, 0.02697
4, 0.43913
