opt, freq
1, 0.03584
2, 0.4333
3, 0.04129
4, 0.48957
