opt, freq
1, 0.07588
2, 0.31231
3, 0.11956
4, 0.49225
