opt, freq
1, 0.05492
2, 0.09215
3, 0.31662
4, 0.53631
