opt, freq
1, 0.56547
2, 0.18432
3, 0.18742
4, 0.06279
