opt, freq
1, 0.02676
2, 0.2046
3, 0.08966
4, 0.67898
