opt, freq
1, 0.10051
2, 0.04539
3, 0.58983
4, 0.26427
