opt, freq
1, 0.12028
2, 0.29057
3, 0.17322
4, 0.41593
