opt, freq
1, 0.10467
2, 0.30597
3, 0.14957
4, 0.43979
