opt, freq
1, 0.22133
2, 0.28853
3, 0.21158
4, 0.27856
