opt, freq
1, 0.59486
2, 0.23842
3, 0.11909
4, 0.04763
