opt, freq
1, 0.11889
2, 0.73497
3, 0.02
4, 0.12614
