opt, freq
1, 0.2959
2, 0.41941
3, 0.1174
4, 0.16729
