opt, freq
1, 0.70646
2, 0.18666
3, 0.0845
4, 0.02238
