opt, freq
1, 0.7857
2, 0.0433
3, 0.16261
4, 0.00839
