opt, freq
1, 0.16641
2, 0.03873
3, 0.6417
4, 0.15316
