opt, freq
1, 0.45142
2, 0.42353
3, 0.06303
4, 0.06202
