opt, freq
1, 0.22509
2, 0.10113
3, 0.46572
4, 0.20806
