opt, freq
1, 0.20726
2, 0.60602
3, 0.0463
4, 0.14042
