opt, freq
1, 0.02486
2, 0.10433
3, 0.16859
4, 0.70222
