opt, freq
1, 0.02948
2, 0.2787
3, 0.0666
4, 0.62522
