opt, freq
1, 0.94333
2, 0.04812
3, 0.00815
4, 0.0004
