opt, freq
1, 0.52726
2, 0.05521
3, 0.37872
4, 0.03881
