opt, freq
1, 0.38438
2, 0.02259
3, 0.56268
4, 0.03035
