opt, freq
1, 0.46518
2, 0.08206
3, 0.38553
4, 0.06723
