opt, freq
1, 0.24477
2, 0.1846
3, 0.32633
4, 0.2443
