opt, freq
1, 0.74948
2, 0.24364
3, 0.00513
4, 0.00175
