opt, freq
1, 0.20935
2, 0.54284
3, 0.06641
4, 0.1814
