opt, freq
1, 0.82954
3, 0.17046
