opt, freq
1, 0.39689
2, 0.4357
3, 0.07843
4, 0.08898
