opt, freq
1, 0.47633
2, 0.51858
3, 0.00181
4, 0.00328
