opt, freq
1, 0.12016
2, 0.06412
3, 0.53118
4, 0.28454
