opt, freq
1, 0.65337
2, 0.34663
