opt, freq
1, 0.01846
2, 0.89656
3, 0.00178
4, 0.0832
