opt, freq
1, 0.3242
2, 0.30652
3, 0.19054
4, 0.17874
