opt, freq
1, 0.24833
2, 0.07547
3, 0.52029
4, 0.15591
