opt, freq
1, 0.07769
2, 0.59486
3, 0.03903
4, 0.28842
