opt, freq
1, 0.3498
2, 0.30411
3, 0.18504
4, 0.16105
