opt, freq
1, 0.27162
2, 0.07323
3, 0.51825
4, 0.1369
