opt, freq
1, 0.05797
2, 0.18869
3, 0.17676
4, 0.57658
