opt, freq
1, 0.21403
2, 0.09007
3, 0.49131
4, 0.20459
