opt, freq
1, 0.26213
2, 0.37102
3, 0.15323
4, 0.21362
