opt, freq
1, 0.01784
2, 0.00525
3, 0.74993
4, 0.22698
