opt, freq
1, 0.11293
2, 0.45918
3, 0.08332
4, 0.34457
