opt, freq
1, 0.20121
2, 0.30741
3, 0.19255
4, 0.29883
