opt, freq
1, 0.059
2, 0.44973
3, 0.0573
4, 0.43397
