opt, freq
1, 0.33164
2, 0.35998
3, 0.14504
4, 0.16334
