opt, freq
1, 0.41734
2, 0.45681
3, 0.06048
4, 0.06537
