opt, freq
1, 0.06088
2, 0.00101
3, 0.92529
4, 0.01282
