opt, freq
2, 0.00632
3, 0.03505
4, 0.95863
