opt, freq
1, 0.16148
2, 0.10404
3, 0.44685
4, 0.28763
