opt, freq
1, 0.09406
2, 0.00993
3, 0.81359
4, 0.08242
