opt, freq
1, 0.23902
2, 0.31195
3, 0.19502
4, 0.25401
