opt, freq
1, 0.03789
2, 0.21083
3, 0.11696
4, 0.63432
