opt, freq
1, 0.09433
2, 0.27683
3, 0.16077
4, 0.46807
