opt, freq
2, 0.00518
3, 0.42549
4, 0.56933
