opt, freq
1, 0.18648
2, 0.74965
3, 0.0117
4, 0.05217
