opt, freq
1, 0.03628
2, 0.85833
3, 0.00414
4, 0.10125
