opt, freq
1, 0.04835
2, 0.01513
3, 0.71937
4, 0.21715
