opt, freq
1, 0.2865
2, 0.01715
3, 0.66007
4, 0.03628
