opt, freq
1, 0.64184
2, 0.26584
3, 0.06582
4, 0.0265
