opt, freq
1, 0.0028
2, 0.00289
3, 0.40784
4, 0.58647
