opt, freq
1, 0.95048
3, 0.04952
