opt, freq
1, 0.17957
2, 0.16991
3, 0.33404
4, 0.31648
