opt, freq
1, 0.13732
2, 0.2316
3, 0.23681
4, 0.39427
