opt, freq
1, 0.03448
2, 0.05243
3, 0.35712
4, 0.55597
