opt, freq
1, 0.37605
2, 0.61916
3, 0.00117
4, 0.00362
