opt, freq
1, 0.33566
2, 0.27198
3, 0.21714
4, 0.17522
