opt, freq
1, 0.82946
2, 0.04273
3, 0.12127
4, 0.00654
