opt, freq
1, 0.24637
2, 0.15893
3, 0.36164
4, 0.23306
