opt, freq
1, 0.06125
2, 0.57071
3, 0.0347
4, 0.33334
