opt, freq
1, 0.04654
2, 0.03969
3, 0.48493
4, 0.42884
