opt, freq
1, 0.15423
2, 0.02849
3, 0.69401
4, 0.12327
