opt, freq
1, 0.67366
2, 0.19868
3, 0.09895
4, 0.02871
