opt, freq
1, 0.25767
2, 0.06963
3, 0.5299
4, 0.1428
