opt, freq
1, 0.11899
2, 0.85727
3, 0.00258
4, 0.02116
