opt, freq
1, 0.01481
2, 0.25511
3, 0.04136
4, 0.68872
