opt, freq
1, 0.39714
2, 0.60286
