opt, freq
1, 0.19172
2, 0.15668
3, 0.35905
4, 0.29255
