opt, freq
1, 0.07144
2, 0.82482
3, 0.00784
4, 0.0959
