opt, freq
1, 0.45758
2, 0.49824
3, 0.02024
4, 0.02394
