opt, freq
1, 0.67282
2, 0.10008
3, 0.19796
4, 0.02914
