opt, freq
1, 0.18273
2, 0.1245
3, 0.41003
4, 0.28274
