opt, freq
1, 0.18283
3, 0.81717
