opt, freq
1, 0.68431
2, 0.24877
3, 0.04821
4, 0.01871
