opt, freq
1, 0.14369
2, 0.05977
3, 0.56186
4, 0.23468
