opt, freq
1, 0.06768
2, 0.13909
3, 0.26392
4, 0.52931
