opt, freq
1, 0.03527
2, 0.05065
3, 0.37546
4, 0.53862
