opt, freq
1, 0.14115
2, 0.75303
3, 0.01573
4, 0.09009
