opt, freq
1, 0.04499
2, 0.06175
3, 0.36657
4, 0.52669
