opt, freq
1, 0.05357
2, 0.84101
3, 0.00594
4, 0.09948
