opt, freq
1, 0.27747
2, 0.3341
3, 0.17674
4, 0.21169
