opt, freq
1, 0.07802
2, 0.4335
3, 0.07513
4, 0.41335
