opt, freq
1, 0.05556
2, 0.13091
3, 0.23977
4, 0.57376
