opt, freq
1, 0.01678
2, 0.0075
3, 0.65403
4, 0.32169
