opt, freq
1, 0.00982
2, 0.09749
3, 0.08405
4, 0.80864
