opt, freq
1, 0.16237
2, 0.04008
3, 0.64047
4, 0.15708
