opt, freq
1, 0.0877
2, 0.36213
3, 0.10807
4, 0.4421
