opt, freq
1, 0.154
2, 0.61859
3, 0.04479
4, 0.18262
