opt, freq
1, 0.15185
2, 0.36098
3, 0.14155
4, 0.34562
