opt, freq
1, 0.43555
2, 0.56445
