opt, freq
1, 0.69734
2, 0.05291
3, 0.23204
4, 0.01771
