opt, freq
1, 0.34925
2, 0.26198
3, 0.22187
4, 0.1669
