opt, freq
1, 0.11667
2, 0.25441
3, 0.19801
4, 0.43091
