opt, freq
1, 0.59522
2, 0.40478
