opt, freq
1, 0.37944
2, 0.00574
3, 0.60742
4, 0.0074
