opt, freq
1, 0.10725
2, 0.66687
3, 0.03089
4, 0.19499
