opt, freq
1, 0.01316
2, 0.68164
3, 0.00644
4, 0.29876
