opt, freq
1, 0.34553
2, 0.14075
3, 0.36513
4, 0.14859
