opt, freq
1, 0.14489
2, 0.58724
3, 0.05248
4, 0.21539
