opt, freq
1, 0.01823
2, 0.17066
3, 0.07746
4, 0.73365
