opt, freq
1, 0.2677
2, 0.10046
3, 0.46234
4, 0.1695
