opt, freq
1, 0.00327
2, 0.00311
3, 0.01542
4, 0.9782
