opt, freq
1, 0.21479
2, 0.07273
3, 0.53258
4, 0.1799
