opt, freq
1, 0.254
2, 0.03237
3, 0.63465
4, 0.07898
