opt, freq
1, 0.27327
2, 0.02881
3, 0.63219
4, 0.06573
