opt, freq
1, 0.07456
2, 0.03062
3, 0.63054
4, 0.26428
