opt, freq
1, 0.63122
2, 0.07908
3, 0.25808
4, 0.03162
