opt, freq
2, 0.00606
3, 0.11452
4, 0.87942
