opt, freq
1, 0.3047
2, 0.50849
3, 0.07036
4, 0.11645
