opt, freq
1, 0.34186
2, 0.35086
3, 0.15053
4, 0.15675
