opt, freq
1, 0.21793
2, 0.51445
3, 0.07888
4, 0.18874
