opt, freq
1, 0.90727
3, 0.09273
