opt, freq
1, 0.33588
2, 0.29717
3, 0.19385
4, 0.1731
