opt, freq
1, 0.15247
2, 0.25701
3, 0.22021
4, 0.37031
