opt, freq
1, 0.24034
2, 0.51275
3, 0.07755
4, 0.16936
