opt, freq
1, 0.0314
2, 0.19655
3, 0.10357
4, 0.66848
