opt, freq
1, 0.03605
2, 0.07173
3, 0.29656
4, 0.59566
