opt, freq
1, 0.07712
2, 0.17168
3, 0.23594
4, 0.51526
