opt, freq
1, 0.76006
2, 0.13095
3, 0.09253
4, 0.01646
