opt, freq
1, 0.12466
2, 0.40413
3, 0.11054
4, 0.36067
