opt, freq
2, 0.00586
3, 0.3133
4, 0.68084
