opt, freq
1, 0.06914
2, 0.44328
3, 0.06493
4, 0.42265
