opt, freq
1, 0.06187
2, 0.22838
3, 0.15144
4, 0.55831
