opt, freq
1, 0.08647
2, 0.03981
3, 0.60163
4, 0.27209
