opt, freq
1, 0.1869
2, 0.14213
3, 0.38321
4, 0.28776
