opt, freq
1, 0.06604
2, 0.24242
3, 0.14855
4, 0.54299
