opt, freq
1, 0.07502
2, 0.00805
3, 0.83225
4, 0.08468
