opt, freq
1, 0.26205
2, 0.03982
3, 0.60949
4, 0.08864
