opt, freq
1, 0.02408
2, 0.02116
3, 0.48861
4, 0.46615
