opt, freq
1, 0.00744
2, 0.20155
3, 0.02915
4, 0.76186
