opt, freq
1, 0.08614
2, 0.04197
3, 0.58437
4, 0.28752
