opt, freq
1, 0.21988
2, 0.78012
