opt, freq
1, 0.15998
2, 0.6355
3, 0.03872
4, 0.1658
