opt, freq
1, 0.79293
2, 0.11749
3, 0.07772
4, 0.01186
