opt, freq
1, 0.64452
2, 0.06537
3, 0.26418
4, 0.02593
