opt, freq
1, 0.23916
2, 0.00454
3, 0.74729
4, 0.00901
