opt, freq
1, 0.00649
2, 0.40532
3, 0.01112
4, 0.57707
