opt, freq
1, 0.50338
2, 0.28924
3, 0.13174
4, 0.07564
