opt, freq
1, 0.06342
2, 0.20577
3, 0.17239
4, 0.55842
