opt, freq
1, 0.04601
2, 0.16252
3, 0.17016
4, 0.62131
