opt, freq
1, 0.58698
3, 0.41302
