opt, freq
1, 0.31656
2, 0.61731
3, 0.02155
4, 0.04458
