opt, freq
1, 0.01407
2, 0.03239
3, 0.27724
4, 0.6763
