opt, freq
1, 0.33908
2, 0.09035
3, 0.44957
4, 0.121
