opt, freq
1, 0.05803
2, 0.21091
3, 0.1562
4, 0.57486
