opt, freq
1, 0.01216
2, 0.66018
3, 0.00645
4, 0.32121
