opt, freq
1, 0.68846
3, 0.31154
