opt, freq
1, 0.00454
2, 0.12174
3, 0.03202
4, 0.8417
