opt, freq
1, 0.07595
2, 0.0293
3, 0.65263
4, 0.24212
