opt, freq
1, 0.90153
2, 0.00876
3, 0.08885
4, 0.00086
