opt, freq
1, 0.13127
2, 0.25971
3, 0.20374
4, 0.40528
