opt, freq
1, 0.00683
2, 0.08081
3, 0.06873
4, 0.84363
