opt, freq
1, 0.1341
2, 0.05154
3, 0.59236
4, 0.222
