opt, freq
1, 0.64699
2, 0.02167
3, 0.32147
4, 0.00987
