opt, freq
1, 0.22673
2, 0.72756
3, 0.01013
4, 0.03558
