opt, freq
1, 0.06563
2, 0.03888
3, 0.56208
4, 0.33341
