opt, freq
1, 0.07655
2, 0.87898
3, 0.00328
4, 0.04119
