opt, freq
1, 0.35933
2, 0.33457
3, 0.15668
4, 0.14942
