opt, freq
1, 0.36574
2, 0.12281
3, 0.38358
4, 0.12787
