opt, freq
1, 0.29321
2, 0.15742
3, 0.35941
4, 0.18996
