opt, freq
1, 0.37175
2, 0.5614
3, 0.02525
4, 0.0416
