opt, freq
1, 0.56948
2, 0.01881
3, 0.39953
4, 0.01218
