opt, freq
1, 0.38238
2, 0.10387
3, 0.40701
4, 0.10674
