opt, freq
1, 0.13394
2, 0.29622
3, 0.17941
4, 0.39043
