opt, freq
1, 0.00304
2, 0.00285
3, 0.19349
4, 0.80062
