opt, freq
1, 0.84707
2, 0.06185
3, 0.0853
4, 0.00578
