opt, freq
1, 0.17722
2, 0.06791
3, 0.55203
4, 0.20284
