opt, freq
1, 0.08188
2, 0.61337
3, 0.03563
4, 0.26912
