opt, freq
1, 0.66864
3, 0.33136
