opt, freq
1, 0.07282
2, 0.174
3, 0.21953
4, 0.53365
