opt, freq
1, 0.48145
2, 0.45186
3, 0.0339
4, 0.03279
