opt, freq
1, 0.29218
2, 0.62333
3, 0.02634
4, 0.05815
