opt, freq
1, 0.01017
2, 0.05721
3, 0.14306
4, 0.78956
