opt, freq
1, 0.01749
2, 0.31072
3, 0.03823
4, 0.63356
