opt, freq
1, 0.00611
2, 0.0206
3, 0.20718
4, 0.76611
