opt, freq
1, 0.09359
2, 0.07202
3, 0.47671
4, 0.35768
