opt, freq
1, 0.3321
2, 0.31696
3, 0.1796
4, 0.17134
