opt, freq
1, 0.03264
2, 0.27214
3, 0.076
4, 0.61922
