opt, freq
1, 0.27081
2, 0.05657
3, 0.55575
4, 0.11687
