opt, freq
1, 0.72319
2, 0.18937
3, 0.06922
4, 0.01822
