opt, freq
1, 0.33867
2, 0.47506
3, 0.07517
4, 0.1111
