opt, freq
1, 0.41213
2, 0.25884
3, 0.20064
4, 0.12839
