opt, freq
1, 0.37077
2, 0.1377
3, 0.35908
4, 0.13245
