opt, freq
1, 0.07267
2, 0.46041
3, 0.06156
4, 0.40536
