opt, freq
1, 0.46376
2, 0.22529
3, 0.20915
4, 0.1018
