opt, freq
1, 0.08081
2, 0.04375
3, 0.56908
4, 0.30636
