opt, freq
1, 0.27383
2, 0.09167
3, 0.47518
4, 0.15932
