opt, freq
1, 0.22732
2, 0.48524
3, 0.08995
4, 0.19749
