opt, freq
1, 0.16058
2, 0.02534
3, 0.70563
4, 0.10845
