opt, freq
1, 0.06073
2, 0.02396
3, 0.64829
4, 0.26702
