opt, freq
1, 0.2798
2, 0.31116
3, 0.19453
4, 0.21451
