opt, freq
1, 0.73203
2, 0.24098
3, 0.02008
4, 0.00691
