opt, freq
1, 0.1411
2, 0.0426
3, 0.62926
4, 0.18704
