opt, freq
1, 0.3242
2, 0.22718
3, 0.26695
4, 0.18167
