opt, freq
1, 0.04264
2, 0.50851
3, 0.03551
4, 0.41334
