opt, freq
1, 0.03184
2, 0.01151
3, 0.69893
4, 0.25772
