opt, freq
1, 0.12682
2, 0.36405
3, 0.13064
4, 0.37849
