opt, freq
1, 0.05821
2, 0.06798
3, 0.39359
4, 0.48022
