opt, freq
1, 0.05542
2, 0.00882
3, 0.81157
4, 0.12419
