opt, freq
1, 0.72283
2, 0.10706
3, 0.14781
4, 0.0223
