opt, freq
1, 0.0293
2, 0.09824
3, 0.20423
4, 0.66823
