opt, freq
1, 0.26072
2, 0.00428
3, 0.72551
4, 0.00949
