opt, freq
1, 0.74157
2, 0.00846
3, 0.24739
4, 0.00258
