opt, freq
2, 0.00134
3, 0.96441
4, 0.03425
