opt, freq
1, 0.18995
2, 0.09423
3, 0.47871
4, 0.23711
