opt, freq
1, 0.29804
2, 0.70196
