opt, freq
1, 0.46433
2, 0.20435
3, 0.22921
4, 0.10211
