opt, freq
1, 0.17047
2, 0.17784
3, 0.32203
4, 0.32966
