opt, freq
1, 0.14838
2, 0.18003
3, 0.30563
4, 0.36596
