opt, freq
1, 0.29767
2, 0.49471
3, 0.07747
4, 0.13015
