opt, freq
1, 0.22348
2, 0.34679
3, 0.16879
4, 0.26094
