opt, freq
1, 0.36807
2, 0.03727
3, 0.5398
4, 0.05486
