opt, freq
1, 0.05205
2, 0.11439
3, 0.2613
4, 0.57226
