opt, freq
1, 0.11329
2, 0.41598
3, 0.10231
4, 0.36842
