opt, freq
1, 0.04638
2, 0.0996
3, 0.26891
4, 0.58511
