opt, freq
1, 0.43666
2, 0.25687
3, 0.19301
4, 0.11346
