opt, freq
1, 0.27901
2, 0.12585
3, 0.41104
4, 0.1841
