opt, freq
1, 0.23449
2, 0.07048
3, 0.53427
4, 0.16076
