opt, freq
1, 0.38398
2, 0.59132
3, 0.00915
4, 0.01555
