opt, freq
1, 0.61089
2, 0.22181
3, 0.12227
4, 0.04503
