opt, freq
1, 0.17611
2, 0.41619
3, 0.11958
4, 0.28812
