opt, freq
1, 0.47784
2, 0.17568
3, 0.25333
4, 0.09315
