opt, freq
1, 0.70803
2, 0.14221
3, 0.12374
4, 0.02602
