opt, freq
1, 0.83015
2, 0.08037
3, 0.08192
4, 0.00756
