opt, freq
1, 0.00355
2, 0.26426
3, 0.01253
4, 0.71966
