opt, freq
1, 0.00446
2, 0.32571
3, 0.01171
4, 0.65812
