opt, freq
1, 0.04532
2, 0.11906
3, 0.22887
4, 0.60675
