opt, freq
1, 0.14092
2, 0.32953
3, 0.15664
4, 0.37291
