opt, freq
1, 0.02666
2, 0.66538
3, 0.01155
4, 0.29641
