opt, freq
1, 0.21854
2, 0.10797
3, 0.45315
4, 0.22034
