opt, freq
1, 0.06775
2, 0.22182
3, 0.16694
4, 0.54349
