opt, freq
1, 0.21842
2, 0.4313
3, 0.11687
4, 0.23341
