opt, freq
1, 0.06174
2, 0.0859
3, 0.3494
4, 0.50296
