opt, freq
1, 0.20414
2, 0.06196
3, 0.56401
4, 0.16989
