opt, freq
1, 0.00133
2, 0.00143
3, 0.7474
4, 0.24984
