opt, freq
1, 0.36938
2, 0.53831
3, 0.03682
4, 0.05549
