opt, freq
1, 0.54544
2, 0.14611
3, 0.24549
4, 0.06296
