opt, freq
1, 0.18667
2, 0.3435
3, 0.16406
4, 0.30577
