opt, freq
1, 0.31902
2, 0.45465
3, 0.09348
4, 0.13285
