opt, freq
1, 0.47757
2, 0.00716
3, 0.5091
4, 0.00617
