opt, freq
1, 0.19759
2, 0.51494
3, 0.07852
4, 0.20895
