opt, freq
1, 0.09277
2, 0.84343
3, 0.00577
4, 0.05803
