opt, freq
1, 0.63706
2, 0.36294
