opt, freq
1, 0.73844
2, 0.17321
3, 0.07166
4, 0.01669
