opt, freq
1, 0.14937
2, 0.55786
3, 0.06077
4, 0.232
