opt, freq
1, 0.34541
2, 0.56817
3, 0.03156
4, 0.05486
