opt, freq
1, 0.06217
2, 0.1429
3, 0.244
4, 0.55093
