opt, freq
1, 0.3489
2, 0.23997
3, 0.24367
4, 0.16746
