opt, freq
1, 0.20138
2, 0.53101
3, 0.07479
4, 0.19282
