opt, freq
1, 0.01486
2, 0.39227
3, 0.02283
4, 0.57004
