opt, freq
1, 0.33523
2, 0.66032
3, 0.00072
4, 0.00373
