opt, freq
1, 0.09696
2, 0.22925
3, 0.19903
4, 0.47476
