opt, freq
1, 0.24688
2, 0.70789
3, 0.01111
4, 0.03412
