opt, freq
1, 0.06916
2, 0.11731
3, 0.30118
4, 0.51235
