opt, freq
1, 0.02717
2, 0.05942
3, 0.28431
4, 0.6291
