opt, freq
1, 0.38772
2, 0.14223
3, 0.34365
4, 0.1264
