opt, freq
1, 0.09391
2, 0.08988
3, 0.41936
4, 0.39685
