opt, freq
1, 0.26579
2, 0.20273
3, 0.30349
4, 0.22799
