opt, freq
1, 0.09913
2, 0.02401
3, 0.71027
4, 0.16659
