opt, freq
1, 0.14505
2, 0.04045
3, 0.64245
4, 0.17205
