opt, freq
1, 0.7597
2, 0.00818
3, 0.22979
4, 0.00233
