opt, freq
1, 0.39872
2, 0.03067
3, 0.52982
4, 0.04079
