opt, freq
1, 0.31148
2, 0.03309
3, 0.59623
4, 0.0592
