opt, freq
1, 0.49639
2, 0.05138
3, 0.41086
4, 0.04137
