opt, freq
1, 0.00241
2, 0.00239
3, 0.47024
4, 0.52496
