opt, freq
1, 0.44933
2, 0.01556
3, 0.51923
4, 0.01588
