opt, freq
1, 0.76458
2, 0.02543
3, 0.20433
4, 0.00566
