opt, freq
1, 0.01812
2, 0.00647
3, 0.72904
4, 0.24637
