opt, freq
1, 0.01573
2, 0.00899
3, 0.5941
4, 0.38118
