opt, freq
1, 0.116
2, 0.37312
3, 0.11979
4, 0.39109
