opt, freq
1, 0.44425
2, 0.32872
3, 0.13029
4, 0.09674
