opt, freq
1, 0.52082
2, 0.00687
3, 0.46698
4, 0.00533
