opt, freq
1, 0.11614
2, 0.233
3, 0.21771
4, 0.43315
