opt, freq
1, 0.22685
2, 0.52757
3, 0.0714
4, 0.17418
