opt, freq
1, 0.33128
2, 0.13542
3, 0.38027
4, 0.15303
