opt, freq
1, 0.21951
2, 0.16531
3, 0.34933
4, 0.26585
