opt, freq
1, 0.42813
2, 0.17906
3, 0.27752
4, 0.11529
