opt, freq
1, 0.20879
2, 0.07775
3, 0.52078
4, 0.19268
