opt, freq
1, 0.05088
2, 0.38088
3, 0.06605
4, 0.50219
