opt, freq
1, 0.59129
2, 0.05942
3, 0.31772
4, 0.03157
