opt, freq
1, 0.06555
2, 0.60624
3, 0.03083
4, 0.29738
