opt, freq
1, 0.04074
3, 0.95926
