opt, freq
1, 0.31798
2, 0.12996
3, 0.39264
4, 0.15942
