opt, freq
1, 0.04195
2, 0.16329
3, 0.1636
4, 0.63116
