opt, freq
1, 0.09077
2, 0.03423
3, 0.63678
4, 0.23822
