opt, freq
1, 0.14058
2, 0.0252
3, 0.70777
4, 0.12645
