opt, freq
1, 0.37704
2, 0.03001
3, 0.55021
4, 0.04274
