opt, freq
1, 0.02486
2, 0.08068
3, 0.2075
4, 0.68696
