opt, freq
1, 0.20488
2, 0.34414
3, 0.16791
4, 0.28307
