opt, freq
1, 0.51609
2, 0.41669
3, 0.03661
4, 0.03061
