opt, freq
1, 0.00629
2, 0.06133
3, 0.08714
4, 0.84524
