opt, freq
1, 0.17292
2, 0.07162
3, 0.53709
4, 0.21837
