opt, freq
1, 0.06041
2, 0.39054
3, 0.07447
4, 0.47458
