opt, freq
1, 0.41922
2, 0.49469
3, 0.03871
4, 0.04738
