opt, freq
1, 0.17749
2, 0.25393
3, 0.23613
4, 0.33245
