opt, freq
1, 0.0791
2, 0.22953
3, 0.17618
4, 0.51519
