opt, freq
1, 0.20475
2, 0.22619
3, 0.2707
4, 0.29836
