opt, freq
1, 0.51499
2, 0.47986
3, 0.00203
4, 0.00312
