opt, freq
1, 0.06602
2, 0.01947
3, 0.70304
4, 0.21147
