opt, freq
1, 0.55445
2, 0.37973
3, 0.03894
4, 0.02688
