opt, freq
1, 0.33465
2, 0.15227
3, 0.35346
4, 0.15962
