opt, freq
1, 0.01763
2, 0.87787
3, 0.00208
4, 0.10242
