opt, freq
1, 0.09618
2, 0.31431
3, 0.13662
4, 0.45289
