opt, freq
1, 0.56625
2, 0.32739
3, 0.06702
4, 0.03934
