opt, freq
1, 0.28738
2, 0.40631
3, 0.12564
4, 0.18067
