opt, freq
1, 0.69201
2, 0.20054
3, 0.08274
4, 0.02471
