opt, freq
1, 0.03087
2, 0.01434
3, 0.64004
4, 0.31475
