opt, freq
1, 0.0442
2, 0.28601
3, 0.09087
4, 0.57892
