opt, freq
1, 0.54561
2, 0.28816
3, 0.10825
4, 0.05798
