opt, freq
1, 0.00693
2, 0.44507
3, 0.00967
4, 0.53833
