opt, freq
1, 0.20434
2, 0.14243
3, 0.3861
4, 0.26713
