opt, freq
1, 0.01414
2, 0.74142
3, 0.00522
4, 0.23922
