opt, freq
1, 0.17012
2, 0.54605
3, 0.06528
4, 0.21855
