opt, freq
1, 0.09057
2, 0.4209
3, 0.08585
4, 0.40268
