opt, freq
1, 0.14738
2, 0.52337
3, 0.06944
4, 0.25981
