opt, freq
1, 0.40949
2, 0.38207
3, 0.1065
4, 0.10194
