opt, freq
1, 0.01892
2, 0.02836
3, 0.37117
4, 0.58155
