opt, freq
1, 0.03365
2, 0.03105
3, 0.47738
4, 0.45792
