opt, freq
1, 0.0076
2, 0.01865
3, 0.24634
4, 0.72741
