opt, freq
1, 0.19993
2, 0.79601
3, 0.00017
4, 0.00389
