opt, freq
1, 0.15691
2, 0.19022
3, 0.29347
4, 0.3594
