opt, freq
1, 0.30503
2, 0.16342
3, 0.34519
4, 0.18636
