opt, freq
1, 0.23934
2, 0.27098
3, 0.23091
4, 0.25877
