opt, freq
1, 0.03781
2, 0.45464
3, 0.03935
4, 0.4682
