opt, freq
1, 0.10494
2, 0.08408
3, 0.44783
4, 0.36315
