opt, freq
1, 0.15575
2, 0.14962
3, 0.35225
4, 0.34238
