opt, freq
1, 0.11522
2, 0.27474
3, 0.17907
4, 0.43097
