opt, freq
1, 0.47569
2, 0.23485
3, 0.19599
4, 0.09347
