opt, freq
1, 0.04247
2, 0.32665
3, 0.07239
4, 0.55849
