opt, freq
1, 0.10545
2, 0.56725
3, 0.05057
4, 0.27673
