opt, freq
1, 0.20722
2, 0.18079
3, 0.32543
4, 0.28656
