opt, freq
1, 0.65252
2, 0.15662
3, 0.15464
4, 0.03622
