opt, freq
1, 0.01204
2, 0.07495
3, 0.12149
4, 0.79152
