opt, freq
1, 0.12094
2, 0.04384
3, 0.60865
4, 0.22657
