opt, freq
1, 0.10687
2, 0.14007
3, 0.32479
4, 0.42827
