opt, freq
1, 0.44949
2, 0.3635
3, 0.10266
4, 0.08435
