opt, freq
1, 0.04792
2, 0.13871
3, 0.20502
4, 0.60835
