opt, freq
1, 0.97137
3, 0.02863
