opt, freq
1, 0.00598
2, 0.04101
3, 0.10908
4, 0.84393
