opt, freq
1, 0.09208
2, 0.33995
3, 0.1212
4, 0.44677
