opt, freq
1, 0.19962
2, 0.39228
3, 0.13644
4, 0.27166
