opt, freq
1, 0.11967
2, 0.88033
