opt, freq
1, 0.3221
2, 0.63333
3, 0.01439
4, 0.03018
