opt, freq
1, 0.90281
2, 0.08896
3, 0.00757
4, 0.00066
