opt, freq
1, 0.61369
2, 0.03326
3, 0.33552
4, 0.01753
