opt, freq
1, 0.04849
2, 0.25869
3, 0.10745
4, 0.58537
