opt, freq
1, 0.22518
2, 0.14392
3, 0.38553
4, 0.24537
