opt, freq
1, 0.0029
2, 0.00301
3, 0.21366
4, 0.78043
