opt, freq
1, 0.06649
2, 0.53871
3, 0.0436
4, 0.3512
