opt, freq
1, 0.01938
2, 0.91692
3, 0.00129
4, 0.06241
