opt, freq
1, 0.35699
2, 0.19186
3, 0.2929
4, 0.15825
