opt, freq
1, 0.0366
2, 0.17157
3, 0.13827
4, 0.65356
