opt, freq
1, 0.31329
2, 0.56075
3, 0.04437
4, 0.08159
