opt, freq
1, 0.46008
2, 0.04729
3, 0.44831
4, 0.04432
