opt, freq
1, 0.34439
2, 0.20577
3, 0.28173
4, 0.16811
