opt, freq
1, 0.54472
2, 0.2656
3, 0.12581
4, 0.06387
