opt, freq
1, 0.13642
2, 0.43711
3, 0.10118
4, 0.32529
