opt, freq
1, 0.21011
2, 0.05648
3, 0.57808
4, 0.15533
