opt, freq
1, 0.04703
2, 0.0801
3, 0.32326
4, 0.54961
