opt, freq
1, 0.12711
2, 0.58742
3, 0.04942
4, 0.23605
