opt, freq
1, 0.0101
2, 0.07681
3, 0.10577
4, 0.80732
