opt, freq
1, 0.77629
2, 0.15606
3, 0.05674
4, 0.01091
