opt, freq
1, 0.67345
2, 0.15871
3, 0.13629
4, 0.03155
