opt, freq
1, 0.06423
2, 0.30615
3, 0.11166
4, 0.51796
