opt, freq
1, 0.04046
2, 0.14802
3, 0.17226
4, 0.63926
