opt, freq
1, 0.35416
2, 0.01258
3, 0.61317
4, 0.02009
