opt, freq
1, 0.06762
2, 0.16207
3, 0.2282
4, 0.54211
