opt, freq
1, 0.42843
2, 0.34589
3, 0.12435
4, 0.10133
