opt, freq
1, 0.75157
2, 0.04017
3, 0.19769
4, 0.01057
