opt, freq
1, 0.18068
2, 0.38992
3, 0.13547
4, 0.29393
