opt, freq
1, 0.23853
2, 0.67664
3, 0.02088
4, 0.06395
