opt, freq
1, 0.29764
2, 0.02386
3, 0.62986
4, 0.04864
