opt, freq
1, 0.44011
2, 0.02516
3, 0.50717
4, 0.02756
