opt, freq
1, 0.14597
2, 0.22192
3, 0.24769
4, 0.38442
