opt, freq
1, 0.88945
3, 0.11055
