opt, freq
1, 0.05025
2, 0.1373
3, 0.22163
4, 0.59082
