opt, freq
1, 0.19651
2, 0.0467
3, 0.61204
4, 0.14475
