opt, freq
1, 0.2782
2, 0.14903
3, 0.37306
4, 0.19971
