opt, freq
1, 0.30281
2, 0.20679
3, 0.28954
4, 0.20086
