opt, freq
1, 0.02717
2, 0.70675
3, 0.01049
4, 0.25559
