opt, freq
1, 0.6082
2, 0.24583
3, 0.10389
4, 0.04208
