opt, freq
1, 0.46846
2, 0.40346
3, 0.06847
4, 0.05961
