opt, freq
1, 0.05374
2, 0.25784
3, 0.11912
4, 0.5693
