opt, freq
1, 0.1193
2, 0.49465
3, 0.07607
4, 0.30998
