opt, freq
1, 0.17638
2, 0.27331
3, 0.21638
4, 0.33393
