opt, freq
1, 0.14399
2, 0.24564
3, 0.2281
4, 0.38227
