opt, freq
1, 0.39797
2, 0.47622
3, 0.0562
4, 0.06961
