opt, freq
1, 0.47377
2, 0.07233
3, 0.39476
4, 0.05914
