opt, freq
1, 0.76917
2, 0.0408
3, 0.1802
4, 0.00983
