opt, freq
1, 0.53512
2, 0.23485
3, 0.15965
4, 0.07038
