opt, freq
1, 0.5756
2, 0.27731
3, 0.09869
4, 0.0484
