opt, freq
1, 0.03446
2, 0.57628
3, 0.02255
4, 0.36671
