opt, freq
1, 0.47993
2, 0.02692
3, 0.46786
4, 0.02529
