opt, freq
1, 0.29262
2, 0.01136
3, 0.67364
4, 0.02238
