opt, freq
1, 0.06288
2, 0.08309
3, 0.36729
4, 0.48674
