opt, freq
1, 0.22414
3, 0.77586
