opt, freq
1, 0.09131
2, 0.82387
3, 0.0081
4, 0.07672
