opt, freq
1, 0.21724
2, 0.31171
3, 0.19274
4, 0.27831
