opt, freq
1, 0.1927
2, 0.1986
3, 0.30015
4, 0.30855
