opt, freq
1, 0.09248
2, 0.01017
3, 0.81144
4, 0.08591
