opt, freq
1, 0.10074
2, 0.02173
3, 0.72714
4, 0.15039
