opt, freq
1, 0.75257
2, 0.05676
3, 0.17793
4, 0.01274
