opt, freq
1, 0.02491
2, 0.02107
3, 0.52525
4, 0.42877
