opt, freq
1, 0.00516
2, 0.34396
3, 0.01142
4, 0.63946
