opt, freq
1, 0.13742
2, 0.04606
3, 0.61051
4, 0.20601
