opt, freq
1, 0.16505
2, 0.08176
3, 0.50399
4, 0.2492
