opt, freq
1, 0.06029
2, 0.54925
3, 0.03818
4, 0.35228
