opt, freq
1, 0.07256
2, 0.84174
3, 0.00669
4, 0.07901
