opt, freq
1, 0.02702
2, 0.46264
3, 0.02881
4, 0.48153
