opt, freq
1, 0.18379
2, 0.08349
3, 0.50555
4, 0.22717
