opt, freq
1, 0.38192
2, 0.49294
3, 0.05441
4, 0.07073
