opt, freq
1, 0.23511
2, 0.39371
3, 0.13859
4, 0.23259
