opt, freq
1, 0.19862
2, 0.12817
3, 0.41425
4, 0.25896
