opt, freq
1, 0.32531
2, 0.20556
3, 0.28757
4, 0.18156
