opt, freq
1, 0.01999
2, 0.24917
3, 0.05609
4, 0.67475
