opt, freq
1, 0.15647
2, 0.35204
3, 0.15022
4, 0.34127
