opt, freq
1, 0.11216
2, 0.07428
3, 0.49433
4, 0.31923
