opt, freq
1, 0.13495
2, 0.35681
3, 0.13706
4, 0.37118
