opt, freq
2, 0.00248
3, 0.86513
4, 0.13239
