opt, freq
1, 0.06235
2, 0.04295
3, 0.52687
4, 0.36783
