opt, freq
1, 0.5742
2, 0.35976
3, 0.04097
4, 0.02507
