opt, freq
1, 0.25106
2, 0.01513
3, 0.6953
4, 0.03851
