opt, freq
1, 0.51705
2, 0.15116
3, 0.257
4, 0.07479
