opt, freq
1, 0.77588
2, 0.13599
3, 0.07488
4, 0.01325
