opt, freq
1, 0.86508
2, 0.04488
3, 0.08548
4, 0.00456
