opt, freq
1, 0.10114
2, 0.36717
3, 0.11612
4, 0.41557
