opt, freq
1, 0.00157
2, 0.02471
3, 0.05348
4, 0.92024
