opt, freq
1, 0.14393
2, 0.46797
3, 0.09148
4, 0.29662
