opt, freq
1, 0.36587
2, 0.50603
3, 0.05431
4, 0.07379
