opt, freq
1, 0.28219
2, 0.55382
3, 0.05394
4, 0.11005
