opt, freq
1, 0.12326
3, 0.87674
