opt, freq
1, 0.1181
2, 0.02813
3, 0.69168
4, 0.16209
