opt, freq
1, 0.08375
2, 0.30396
3, 0.1312
4, 0.48109
