opt, freq
1, 0.23118
2, 0.01353
3, 0.71682
4, 0.03847
