opt, freq
1, 0.39777
2, 0.2748
3, 0.19183
4, 0.1356
