opt, freq
1, 0.07216
2, 0.11354
3, 0.31922
4, 0.49508
