opt, freq
1, 0.33694
2, 0.37235
3, 0.13813
4, 0.15258
