opt, freq
1, 0.11768
2, 0.18908
3, 0.27347
4, 0.41977
