opt, freq
1, 0.21203
2, 0.23692
3, 0.25972
4, 0.29133
