opt, freq
1, 0.01325
2, 0.37592
3, 0.02252
4, 0.58831
