opt, freq
1, 0.16494
2, 0.52945
3, 0.07336
4, 0.23225
