opt, freq
1, 0.0089
2, 0.05883
3, 0.12702
4, 0.80525
