opt, freq
1, 0.49713
2, 0.31517
3, 0.115
4, 0.0727
