opt, freq
1, 0.08718
2, 0.16147
3, 0.26653
4, 0.48482
