opt, freq
1, 0.02628
2, 0.2635
3, 0.06818
4, 0.64204
