opt, freq
1, 0.79492
2, 0.09689
3, 0.09666
4, 0.01153
