opt, freq
1, 0.04364
2, 0.40543
3, 0.05314
4, 0.49779
