opt, freq
1, 0.14638
2, 0.66793
3, 0.03239
4, 0.1533
