opt, freq
1, 0.09733
2, 0.10929
3, 0.37302
4, 0.42036
