opt, freq
1, 0.13018
2, 0.42055
3, 0.1043
4, 0.34497
