opt, freq
1, 0.21139
2, 0.15739
3, 0.35949
4, 0.27173
