opt, freq
1, 0.05795
2, 0.27204
3, 0.1169
4, 0.55311
