opt, freq
1, 0.23256
2, 0.74383
3, 0.00508
4, 0.01853
