opt, freq
1, 0.02921
2, 0.15939
3, 0.12527
4, 0.68613
