opt, freq
1, 0.60958
3, 0.39042
