opt, freq
1, 0.01108
2, 0.19773
3, 0.04419
4, 0.747
