opt, freq
1, 0.13447
2, 0.17574
3, 0.29745
4, 0.39234
