opt, freq
1, 0.25941
2, 0.39355
3, 0.13714
4, 0.2099
