opt, freq
1, 0.23783
2, 0.43417
3, 0.11485
4, 0.21315
