opt, freq
1, 0.08241
2, 0.52801
3, 0.05372
4, 0.33586
