opt, freq
1, 0.36231
2, 0.22642
3, 0.25059
4, 0.16068
