opt, freq
1, 0.81793
2, 0.00859
3, 0.17185
4, 0.00163
