opt, freq
1, 0.4948
2, 0.39843
3, 0.0592
4, 0.04757
