opt, freq
1, 0.47936
2, 0.21187
3, 0.21274
4, 0.09603
