opt, freq
1, 0.64879
3, 0.35121
