opt, freq
1, 0.41477
2, 0.33734
3, 0.13762
4, 0.11027
