opt, freq
1, 0.03753
2, 0.12993
3, 0.19492
4, 0.63762
