opt, freq
1, 0.03381
2, 0.31586
3, 0.06254
4, 0.58779
