opt, freq
1, 0.29256
2, 0.27858
3, 0.22167
4, 0.20719
