opt, freq
1, 0.13916
2, 0.16985
3, 0.31323
4, 0.37776
