opt, freq
1, 0.03779
2, 0.37478
3, 0.05649
4, 0.53094
