opt, freq
1, 0.29433
2, 0.7011
3, 0.00058
4, 0.00399
