opt, freq
1, 0.09186
2, 0.43561
3, 0.08322
4, 0.38931
