opt, freq
1, 0.41702
2, 0.39398
3, 0.09656
4, 0.09244
