opt, freq
1, 0.36861
2, 0.07806
3, 0.4599
4, 0.09343
