opt, freq
1, 0.11922
2, 0.10609
3, 0.41224
4, 0.36245
