opt, freq
1, 0.09391
2, 0.70149
3, 0.02484
4, 0.17976
