opt, freq
1, 0.01984
2, 0.02609
3, 0.41058
4, 0.54349
