opt, freq
1, 0.05884
2, 0.06673
3, 0.41249
4, 0.46194
