opt, freq
1, 0.26338
2, 0.56907
3, 0.05263
4, 0.11492
