opt, freq
1, 0.00142
2, 0.10647
3, 0.01503
4, 0.87708
