opt, freq
1, 0.79193
2, 0.16046
3, 0.0397
4, 0.00791
