opt, freq
1, 0.13108
2, 0.60403
3, 0.04581
4, 0.21908
