opt, freq
1, 0.58208
2, 0.31068
3, 0.06945
4, 0.03779
