opt, freq
1, 0.00847
2, 0.01674
3, 0.30585
4, 0.66894
