opt, freq
1, 0.23747
2, 0.19156
3, 0.31474
4, 0.25623
