opt, freq
1, 0.33695
2, 0.21181
3, 0.27726
4, 0.17398
