opt, freq
1, 0.80832
2, 0.08099
3, 0.10074
4, 0.00995
