opt, freq
1, 0.16319
2, 0.062
3, 0.56562
4, 0.20919
