opt, freq
1, 0.36585
2, 0.60915
3, 0.00875
4, 0.01625
