opt, freq
1, 0.54213
2, 0.43299
3, 0.01329
4, 0.01159
