opt, freq
1, 0.02256
2, 0.28596
3, 0.05181
4, 0.63967
