opt, freq
1, 0.201
2, 0.1669
3, 0.35003
4, 0.28207
