opt, freq
1, 0.34562
2, 0.08114
3, 0.46485
4, 0.10839
