opt, freq
1, 0.23787
2, 0.02539
3, 0.66897
4, 0.06777
