opt, freq
1, 0.36056
2, 0.36998
3, 0.1311
4, 0.13836
