opt, freq
1, 0.07788
2, 0.71586
3, 0.01973
4, 0.18653
