opt, freq
1, 0.05077
2, 0.60452
3, 0.02698
4, 0.31773
