opt, freq
1, 0.03771
2, 0.10912
3, 0.21801
4, 0.63516
