opt, freq
1, 0.15543
2, 0.37559
3, 0.13924
4, 0.32974
