opt, freq
1, 0.23524
2, 0.76476
