opt, freq
1, 0.80054
2, 0.00868
3, 0.1889
4, 0.00188
