opt, freq
1, 0.24259
2, 0.36914
3, 0.15333
4, 0.23494
