opt, freq
1, 0.06349
2, 0.34745
3, 0.09043
4, 0.49863
