opt, freq
1, 0.29812
2, 0.45452
3, 0.09806
4, 0.1493
