opt, freq
1, 0.04576
2, 0.01879
3, 0.66457
4, 0.27088
