opt, freq
1, 0.12415
2, 0.10306
3, 0.42602
4, 0.34677
