opt, freq
1, 0.28207
2, 0.61164
3, 0.03283
4, 0.07346
