opt, freq
1, 0.00893
2, 0.01727
3, 0.28435
4, 0.68945
