opt, freq
1, 0.09877
2, 0.53171
3, 0.05915
4, 0.31037
