opt, freq
1, 0.11336
2, 0.00995
3, 0.81319
4, 0.0635
