opt, freq
1, 0.47787
2, 0.2551
3, 0.17473
4, 0.0923
