opt, freq
1, 0.01344
2, 0.01101
3, 0.51784
4, 0.45771
