opt, freq
1, 0.00372
2, 0.02248
3, 0.1323
4, 0.8415
