opt, freq
1, 0.21725
2, 0.3945
3, 0.13826
4, 0.24999
