opt, freq
1, 0.47455
2, 0.48071
3, 0.02198
4, 0.02276
