opt, freq
1, 0.12388
2, 0.32682
3, 0.15047
4, 0.39883
