opt, freq
1, 0.47446
2, 0.04949
3, 0.43336
4, 0.04269
