opt, freq
1, 0.4374
2, 0.09265
3, 0.38934
4, 0.08061
