opt, freq
1, 0.45879
2, 0.10905
3, 0.35038
4, 0.08178
