opt, freq
1, 0.62332
2, 0.10779
3, 0.22884
4, 0.04005
