opt, freq
1, 0.03811
2, 0.89737
3, 0.00208
4, 0.06244
