opt, freq
1, 0.06791
2, 0.62678
3, 0.02889
4, 0.27642
