opt, freq
1, 0.23201
2, 0.46039
3, 0.10287
4, 0.20473
