opt, freq
1, 0.48394
3, 0.51606
