opt, freq
1, 0.46712
3, 0.53288
