opt, freq
1, 0.95123
2, 0.04877
