opt, freq
1, 0.08635
2, 0.40656
3, 0.0887
4, 0.41839
