opt, freq
1, 0.24724
2, 0.48921
3, 0.08812
4, 0.17543
