opt, freq
1, 0.48809
2, 0.03856
3, 0.44011
4, 0.03324
