opt, freq
1, 0.00743
2, 0.46358
3, 0.00914
4, 0.51985
