opt, freq
1, 0.18446
2, 0.24591
3, 0.24594
4, 0.32369
