opt, freq
1, 0.10664
2, 0.06193
3, 0.52213
4, 0.3093
