opt, freq
1, 0.07627
2, 0.15065
3, 0.25471
4, 0.51837
