opt, freq
1, 0.26747
2, 0.18252
3, 0.32831
4, 0.2217
