opt, freq
1, 0.40318
2, 0.32681
3, 0.1485
4, 0.12151
