opt, freq
1, 0.34418
2, 0.18426
3, 0.30628
4, 0.16528
