opt, freq
1, 0.23453
2, 0.13632
3, 0.39714
4, 0.23201
