opt, freq
1, 0.24259
2, 0.69404
3, 0.01591
4, 0.04746
