opt, freq
1, 0.34371
2, 0.01993
3, 0.60401
4, 0.03235
