opt, freq
1, 0.07466
2, 0.09015
3, 0.37915
4, 0.45604
