opt, freq
1, 0.3783
2, 0.16938
3, 0.3122
4, 0.14012
