opt, freq
1, 0.46353
2, 0.12329
3, 0.3259
4, 0.08728
