opt, freq
1, 0.17445
2, 0.35439
3, 0.15853
4, 0.31263
