opt, freq
1, 0.02124
2, 0.16668
3, 0.0945
4, 0.71758
