opt, freq
1, 0.24625
2, 0.44784
3, 0.10796
4, 0.19795
