opt, freq
1, 0.04939
2, 0.1582
3, 0.18586
4, 0.60655
