opt, freq
1, 0.18934
2, 0.38268
3, 0.14323
4, 0.28475
