opt, freq
1, 0.42292
2, 0.2266
3, 0.22976
4, 0.12072
