opt, freq
1, 0.08727
2, 0.80826
3, 0.00973
4, 0.09474
