opt, freq
1, 0.15553
2, 0.0061
3, 0.81072
4, 0.02765
