opt, freq
1, 0.70091
2, 0.06792
3, 0.21008
4, 0.02109
