opt, freq
1, 0.64192
2, 0.18952
3, 0.13084
4, 0.03772
