opt, freq
1, 0.41559
2, 0.11102
3, 0.37356
4, 0.09983
