opt, freq
1, 0.06308
2, 0.18456
3, 0.19012
4, 0.56224
