opt, freq
1, 0.1068
2, 0.05856
3, 0.5416
4, 0.29304
