opt, freq
2, 0.00477
3, 0.50816
4, 0.48707
