opt, freq
1, 0.42653
2, 0.50848
3, 0.02892
4, 0.03607
