opt, freq
1, 0.06328
2, 0.40316
3, 0.07287
4, 0.46069
