opt, freq
1, 0.34677
2, 0.21996
3, 0.26464
4, 0.16863
