opt, freq
1, 0.1114
2, 0.52361
3, 0.06416
4, 0.30083
