opt, freq
1, 0.80352
2, 0.02597
3, 0.16519
4, 0.00532
