opt, freq
1, 0.52017
2, 0.20995
3, 0.19219
4, 0.07769
