opt, freq
1, 0.75395
2, 0.24605
