opt, freq
1, 0.35091
2, 0.15777
3, 0.34133
4, 0.14999
