opt, freq
1, 0.7042
2, 0.02328
3, 0.26461
4, 0.00791
