opt, freq
1, 0.49011
2, 0.36307
3, 0.08371
4, 0.06311
