opt, freq
1, 0.06755
2, 0.05896
3, 0.46314
4, 0.41035
