opt, freq
1, 0.25912
2, 0.31409
3, 0.19307
4, 0.23372
