opt, freq
1, 0.09995
2, 0.89577
4, 0.00428
