opt, freq
1, 0.72776
2, 0.26599
3, 0.00439
4, 0.00186
