opt, freq
1, 0.06251
2, 0.04085
3, 0.54728
4, 0.34936
