opt, freq
1, 0.19417
2, 0.78113
3, 0.00393
4, 0.02077
