opt, freq
1, 0.38172
2, 0.57421
3, 0.01645
4, 0.02762
