opt, freq
1, 0.02241
2, 0.04516
3, 0.31074
4, 0.62169
