opt, freq
1, 0.29333
2, 0.35864
3, 0.15747
4, 0.19056
