opt, freq
1, 0.78429
2, 0.02473
3, 0.18538
4, 0.0056
