opt, freq
1, 0.74847
3, 0.25153
