opt, freq
1, 0.03924
2, 0.0666
3, 0.33012
4, 0.56404
