opt, freq
1, 0.6439
2, 0.30949
3, 0.03168
4, 0.01493
