opt, freq
1, 0.09941
2, 0.90059
