opt, freq
1, 0.35894
2, 0.21208
3, 0.26895
4, 0.16003
