opt, freq
1, 0.19068
2, 0.7646
3, 0.00846
4, 0.03626
