opt, freq
1, 0.79018
3, 0.20982
