opt, freq
1, 0.00579
2, 0.1636
3, 0.03108
4, 0.79953
