opt, freq
1, 0.64763
2, 0.28376
3, 0.04676
4, 0.02185
