opt, freq
1, 0.09792
2, 0.61447
3, 0.03966
4, 0.24795
