opt, freq
1, 0.02529
2, 0.42192
3, 0.03091
4, 0.52188
