opt, freq
1, 0.1589
2, 0.13176
3, 0.38825
4, 0.32109
