opt, freq
1, 0.14497
2, 0.34558
3, 0.15147
4, 0.35798
