opt, freq
1, 0.2325
2, 0.05632
3, 0.57551
4, 0.13567
