opt, freq
1, 0.28113
2, 0.51226
3, 0.07248
4, 0.13413
