opt, freq
1, 0.16771
2, 0.26102
3, 0.22493
4, 0.34634
