opt, freq
1, 0.14349
2, 0.28454
3, 0.19116
4, 0.38081
