opt, freq
1, 0.07548
2, 0.07068
3, 0.43613
4, 0.41771
