opt, freq
1, 0.16935
2, 0.03576
3, 0.65889
4, 0.136
