opt, freq
1, 0.4379
2, 0.4166
3, 0.07515
4, 0.07035
