opt, freq
1, 0.48716
2, 0.42645
3, 0.04556
4, 0.04083
