opt, freq
1, 0.69913
2, 0.25409
3, 0.03421
4, 0.01257
