opt, freq
1, 0.01126
2, 0.13614
3, 0.0654
4, 0.7872
