opt, freq
1, 0.05969
2, 0.24815
3, 0.13469
4, 0.55747
