opt, freq
1, 0.63609
2, 0.09591
3, 0.23364
4, 0.03436
