opt, freq
1, 0.15126
2, 0.13729
3, 0.37817
4, 0.33328
