opt, freq
1, 0.02995
2, 0.11538
3, 0.18318
4, 0.67149
