opt, freq
1, 0.14159
2, 0.65247
3, 0.03593
4, 0.17001
