opt, freq
1, 0.01488
2, 0.03112
3, 0.29775
4, 0.65625
