opt, freq
1, 0.23788
2, 0.08882
3, 0.4922
4, 0.1811
