opt, freq
1, 0.0238
2, 0.60979
3, 0.01368
4, 0.35273
