opt, freq
1, 0.26813
2, 0.52498
3, 0.06715
4, 0.13974
