opt, freq
1, 0.02551
2, 0.06115
3, 0.26646
4, 0.64688
