opt, freq
1, 0.48832
2, 0.10046
3, 0.34183
4, 0.06939
