opt, freq
1, 0.43536
2, 0.21574
3, 0.23366
4, 0.11524
