opt, freq
1, 0.79251
2, 0.13854
3, 0.05872
4, 0.01023
