opt, freq
1, 0.04928
2, 0.0362
3, 0.52407
4, 0.39045
