opt, freq
1, 0.16982
2, 0.11652
3, 0.4212
4, 0.29246
