opt, freq
1, 0.01136
2, 0.31966
3, 0.02452
4, 0.64446
