opt, freq
1, 0.08473
2, 0.14221
3, 0.29084
4, 0.48222
