opt, freq
1, 0.01911
2, 0.06788
3, 0.19575
4, 0.71726
