opt, freq
1, 0.25642
2, 0.00942
3, 0.71064
4, 0.02352
