opt, freq
1, 0.14494
2, 0.1013
3, 0.44344
4, 0.31032
