opt, freq
1, 0.39176
2, 0.01392
3, 0.57454
4, 0.01978
