opt, freq
1, 0.53193
2, 0.07876
3, 0.34045
4, 0.04886
