opt, freq
1, 0.00616
2, 0.01961
3, 0.22639
4, 0.74784
