opt, freq
1, 0.15842
2, 0.51477
3, 0.07708
4, 0.24973
