opt, freq
1, 0.05832
2, 0.17023
3, 0.19479
4, 0.57666
