opt, freq
1, 0.64381
2, 0.16677
3, 0.15005
4, 0.03937
