opt, freq
1, 0.16352
2, 0.42542
3, 0.1136
4, 0.29746
