opt, freq
1, 0.22422
2, 0.71112
3, 0.0145
4, 0.05016
