opt, freq
1, 0.29466
2, 0.08978
3, 0.47343
4, 0.14213
