opt, freq
1, 0.20884
2, 0.66514
3, 0.02925
4, 0.09677
