opt, freq
1, 0.1342
2, 0.82215
3, 0.00556
4, 0.03809
