opt, freq
1, 0.31081
2, 0.05759
3, 0.53611
4, 0.09549
