opt, freq
1, 0.08027
2, 0.12612
3, 0.30982
4, 0.48379
