opt, freq
1, 0.21178
2, 0.13688
3, 0.39923
4, 0.25211
