opt, freq
1, 0.1699
2, 0.13735
3, 0.38176
4, 0.31099
