opt, freq
1, 0.46275
2, 0.26885
3, 0.16922
4, 0.09918
