opt, freq
1, 0.86496
2, 0.12679
3, 0.00727
4, 0.00098
