opt, freq
1, 0.6746
2, 0.11644
3, 0.17828
4, 0.03068
