opt, freq
1, 0.30446
2, 0.22905
3, 0.2646
4, 0.20189
