opt, freq
1, 0.32781
2, 0.0608
3, 0.51889
4, 0.0925
