opt, freq
1, 0.45815
2, 0.00667
3, 0.5292
4, 0.00598
