opt, freq
1, 0.2566
2, 0.73904
3, 0.00034
4, 0.00402
