opt, freq
1, 0.04997
2, 0.11684
3, 0.24411
4, 0.58908
