opt, freq
1, 0.55739
2, 0.2956
3, 0.09606
4, 0.05095
