opt, freq
1, 0.22342
2, 0.04014
3, 0.62267
4, 0.11377
