opt, freq
1, 0.50405
2, 0.18671
3, 0.22582
4, 0.08342
