opt, freq
1, 0.18056
2, 0.10725
3, 0.44698
4, 0.26521
