opt, freq
1, 0.29048
2, 0.09579
3, 0.4597
4, 0.15403
