opt, freq
1, 0.16391
2, 0.38884
3, 0.13195
4, 0.3153
