opt, freq
1, 0.09046
2, 0.29627
3, 0.14249
4, 0.47078
