opt, freq
1, 0.17762
2, 0.63617
3, 0.04033
4, 0.14588
