opt, freq
1, 0.13145
2, 0.15758
3, 0.32105
4, 0.38992
