opt, freq
1, 0.30129
2, 0.06586
3, 0.52428
4, 0.10857
