opt, freq
1, 0.17519
2, 0.13083
3, 0.39671
4, 0.29727
