opt, freq
1, 0.1253
2, 0.12184
3, 0.38396
4, 0.3689
