opt, freq
1, 0.15829
2, 0.31231
3, 0.17906
4, 0.35034
