opt, freq
1, 0.32817
2, 0.16036
3, 0.34133
4, 0.17014
