opt, freq
1, 0.03917
2, 0.04813
3, 0.41094
4, 0.50176
