opt, freq
1, 0.03174
2, 0.01324
3, 0.65882
4, 0.2962
