opt, freq
1, 0.07394
2, 0.03043
3, 0.63221
4, 0.26342
