opt, freq
1, 0.00047
2, 0.00067
3, 0.99886
