opt, freq
1, 0.03438
2, 0.82031
3, 0.00516
4, 0.14015
