opt, freq
1, 0.10224
2, 0.80771
3, 0.00975
4, 0.0803
