opt, freq
1, 0.03198
2, 0.09353
3, 0.22275
4, 0.65174
