opt, freq
1, 0.08724
2, 0.08205
3, 0.42489
4, 0.40582
