opt, freq
1, 0.08872
2, 0.48149
3, 0.06809
4, 0.3617
