opt, freq
1, 0.4419
2, 0.4529
3, 0.05185
4, 0.05335
