opt, freq
1, 0.05179
2, 0.39975
3, 0.06339
4, 0.48507
