opt, freq
1, 0.44727
2, 0.38694
3, 0.0879
4, 0.07789
