opt, freq
1, 0.14542
2, 0.26416
3, 0.20665
4, 0.38377
