opt, freq
1, 0.30452
2, 0.54891
3, 0.05241
4, 0.09416
