opt, freq
1, 0.68194
2, 0.06737
3, 0.22774
4, 0.02295
