opt, freq
1, 0.3527
2, 0.09398
3, 0.43643
4, 0.11689
