opt, freq
1, 0.13111
2, 0.03417
3, 0.65706
4, 0.17766
