opt, freq
1, 0.19893
2, 0.33112
3, 0.17506
4, 0.29489
