opt, freq
1, 0.15851
2, 0.11029
3, 0.43272
4, 0.29848
