opt, freq
1, 0.11859
2, 0.31203
3, 0.15693
4, 0.41245
