opt, freq
1, 0.54566
2, 0.05672
3, 0.36058
4, 0.03704
