opt, freq
1, 0.40281
2, 0.08412
3, 0.42607
4, 0.087
