opt, freq
1, 0.49265
2, 0.4607
3, 0.02287
4, 0.02378
