opt, freq
1, 0.92995
3, 0.07005
