opt, freq
1, 0.22566
2, 0.40731
3, 0.12914
4, 0.23789
