opt, freq
1, 0.44304
2, 0.04471
3, 0.46622
4, 0.04603
