opt, freq
1, 0.27083
2, 0.15767
3, 0.35977
4, 0.21173
