opt, freq
1, 0.00177
2, 0.12424
3, 0.01453
4, 0.85946
