opt, freq
1, 0.09335
2, 0.67926
3, 0.02633
4, 0.20106
