opt, freq
1, 0.05558
2, 0.05131
3, 0.45623
4, 0.43688
