opt, freq
1, 0.38561
2, 0.22409
3, 0.24535
4, 0.14495
