opt, freq
1, 0.24673
2, 0.58629
3, 0.04978
4, 0.1172
