opt, freq
1, 0.37686
2, 0.11343
3, 0.39293
4, 0.11678
