opt, freq
1, 0.42174
2, 0.26683
3, 0.19068
4, 0.12075
