opt, freq
1, 0.01329
2, 0.35759
3, 0.02278
4, 0.60634
