opt, freq
1, 0.08413
2, 0.22479
3, 0.19079
4, 0.50029
