opt, freq
1, 0.00206
2, 0.00213
3, 0.62475
4, 0.37106
