opt, freq
1, 0.42262
2, 0.36945
3, 0.11098
4, 0.09695
