opt, freq
1, 0.18074
2, 0.14581
3, 0.37021
4, 0.30324
