opt, freq
1, 0.02906
2, 0.07698
3, 0.24344
4, 0.65052
