opt, freq
1, 0.42419
2, 0.04363
3, 0.4833
4, 0.04888
