opt, freq
1, 0.02287
2, 0.39129
3, 0.03252
4, 0.55332
