opt, freq
1, 0.34619
2, 0.10342
3, 0.42394
4, 0.12645
