opt, freq
1, 0.60698
2, 0.02026
3, 0.36166
4, 0.0111
