opt, freq
1, 0.08461
2, 0.20656
3, 0.20662
4, 0.50221
