opt, freq
1, 0.40458
2, 0.02277
3, 0.54195
4, 0.0307
