opt, freq
1, 0.18291
2, 0.308
3, 0.19026
4, 0.31883
