opt, freq
1, 0.68462
2, 0.08528
3, 0.20483
4, 0.02527
