opt, freq
1, 0.83429
2, 0.16571
