opt, freq
1, 0.19859
2, 0.10778
3, 0.45071
4, 0.24292
