opt, freq
1, 0.0333
2, 0.15316
3, 0.1423
4, 0.67124
