opt, freq
2, 0.00555
3, 0.39032
4, 0.60413
