opt, freq
1, 0.02026
2, 0.52917
3, 0.01683
4, 0.43374
