opt, freq
1, 0.79154
2, 0.18123
3, 0.02217
4, 0.00506
