opt, freq
1, 0.4585
2, 0.16977
3, 0.27081
4, 0.10092
