opt, freq
1, 0.47343
2, 0.0364
3, 0.45555
4, 0.03462
