opt, freq
1, 0.55463
2, 0.43998
3, 0.00264
4, 0.00275
