opt, freq
1, 0.05266
2, 0.05011
3, 0.45458
4, 0.44265
