opt, freq
1, 0.29989
2, 0.63457
3, 0.01961
4, 0.04593
