opt, freq
1, 0.50979
2, 0.03991
3, 0.41846
4, 0.03184
