opt, freq
1, 0.09181
2, 0.09521
3, 0.40036
4, 0.41262
