opt, freq
1, 0.19265
2, 0.01165
3, 0.75416
4, 0.04154
