opt, freq
1, 0.00919
2, 0.11789
3, 0.06486
4, 0.80806
