opt, freq
1, 0.0305
2, 0.76348
3, 0.00773
4, 0.19829
