opt, freq
1, 0.03662
2, 0.15102
3, 0.15723
4, 0.65513
