opt, freq
1, 0.63223
2, 0.28017
3, 0.06107
4, 0.02653
