opt, freq
1, 0.24661
2, 0.34506
3, 0.16953
4, 0.2388
