opt, freq
1, 0.0989
2, 0.1679
3, 0.27282
4, 0.46038
