opt, freq
1, 0.0516
2, 0.23875
3, 0.12501
4, 0.58464
