opt, freq
1, 0.88616
2, 0.08499
3, 0.02634
4, 0.00251
