opt, freq
1, 0.11486
2, 0.19208
3, 0.25775
4, 0.43531
