opt, freq
1, 0.357
2, 0.39584
3, 0.11781
4, 0.12935
