opt, freq
1, 0.0011
2, 0.00097
3, 0.90668
4, 0.09125
