opt, freq
1, 0.2569
2, 0.21135
3, 0.29497
4, 0.23678
