opt, freq
1, 0.5764
2, 0.07306
3, 0.31215
4, 0.03839
