opt, freq
1, 0.00183
2, 0.00182
3, 0.72772
4, 0.26863
