opt, freq
1, 0.18332
2, 0.52891
3, 0.07274
4, 0.21503
