opt, freq
1, 0.05947
2, 0.00228
3, 0.90781
4, 0.03044
