opt, freq
1, 0.25656
2, 0.15038
3, 0.37573
4, 0.21733
