opt, freq
1, 0.35996
2, 0.64004
