opt, freq
1, 0.30872
2, 0.34326
3, 0.16485
4, 0.18317
