opt, freq
1, 0.55774
2, 0.06869
3, 0.3317
4, 0.04187
