opt, freq
1, 0.87186
3, 0.12814
