opt, freq
1, 0.03463
2, 0.07193
3, 0.28006
4, 0.61338
