opt, freq
1, 0.11239
2, 0.60423
3, 0.04485
4, 0.23853
