opt, freq
1, 0.98216
2, 0.00894
3, 0.00883
4, 7e-05
