opt, freq
1, 0.1978
2, 0.57522
3, 0.05683
4, 0.17015
