opt, freq
1, 0.06404
2, 0.02043
3, 0.68363
4, 0.2319
