opt, freq
1, 0.14703
2, 0.42852
3, 0.10963
4, 0.31482
