opt, freq
1, 0.00103
2, 0.08522
3, 0.01489
4, 0.89886
