opt, freq
1, 0.4446
2, 0.10348
3, 0.36658
4, 0.08534
