opt, freq
1, 0.24494
2, 0.10139
3, 0.46693
4, 0.18674
