opt, freq
1, 0.59467
2, 0.19646
3, 0.15564
4, 0.05323
