opt, freq
1, 0.04242
2, 0.16035
3, 0.16287
4, 0.63436
