opt, freq
1, 0.00892
2, 0.15856
3, 0.04744
4, 0.78508
