opt, freq
1, 0.59571
2, 0.1558
3, 0.19671
4, 0.05178
