opt, freq
1, 0.16422
2, 0.75101
3, 0.0144
4, 0.07037
