opt, freq
1, 0.01125
2, 0.01502
3, 0.40013
4, 0.5736
