opt, freq
1, 0.40201
2, 0.35017
3, 0.13306
4, 0.11476
