opt, freq
1, 0.33457
2, 0.03474
3, 0.57235
4, 0.05834
