opt, freq
1, 0.12331
2, 0.12633
3, 0.36929
4, 0.38107
