opt, freq
1, 0.12352
2, 0.56934
3, 0.05403
4, 0.25311
