opt, freq
1, 0.11997
2, 0.08729
3, 0.45186
4, 0.34088
