opt, freq
1, 0.65873
2, 0.31522
3, 0.01714
4, 0.00891
