opt, freq
1, 0.82448
2, 0.02575
3, 0.14566
4, 0.00411
