opt, freq
1, 0.12865
2, 0.05813
3, 0.55959
4, 0.25363
