opt, freq
1, 0.28978
2, 0.34277
3, 0.16572
4, 0.20173
