opt, freq
1, 0.04277
2, 0.08531
3, 0.28967
4, 0.58225
