opt, freq
1, 0.54981
2, 0.34358
3, 0.06475
4, 0.04186
