opt, freq
1, 0.31957
2, 0.35323
3, 0.15316
4, 0.17404
