opt, freq
1, 0.73778
2, 0.09118
3, 0.15243
4, 0.01861
