opt, freq
1, 0.57738
2, 0.17167
3, 0.19343
4, 0.05752
