opt, freq
1, 0.48934
2, 0.01713
3, 0.47772
4, 0.01581
