opt, freq
1, 0.07511
2, 0.6994
3, 0.02193
4, 0.20356
