opt, freq
1, 0.25448
2, 0.13586
3, 0.39681
4, 0.21285
