opt, freq
1, 0.16032
2, 0.06576
3, 0.55033
4, 0.22359
