opt, freq
1, 0.50122
2, 0.0283
3, 0.44644
4, 0.02404
