opt, freq
1, 0.31683
2, 0.67898
3, 0.00061
4, 0.00358
