opt, freq
1, 0.42399
2, 0.14337
3, 0.32728
4, 0.10536
