opt, freq
1, 0.17152
2, 0.34045
3, 0.1631
4, 0.32493
