opt, freq
1, 0.09203
2, 0.49913
3, 0.06421
4, 0.34463
