opt, freq
1, 0.24528
2, 0.01963
3, 0.68234
4, 0.05275
