opt, freq
1, 0.72485
2, 0.12723
3, 0.12617
4, 0.02175
