opt, freq
1, 0.2799
2, 0.00459
3, 0.70621
4, 0.0093
