opt, freq
1, 0.5011
2, 0.16762
3, 0.24844
4, 0.08284
