opt, freq
1, 0.11499
2, 0.61759
3, 0.04146
4, 0.22596
