opt, freq
1, 0.6063
2, 0.12327
3, 0.22502
4, 0.04541
