opt, freq
1, 0.411
2, 0.09706
3, 0.39899
4, 0.09295
