opt, freq
1, 0.19554
2, 0.17201
3, 0.33924
4, 0.29321
