opt, freq
1, 0.00469
2, 0.30359
3, 0.01213
4, 0.67959
