opt, freq
1, 0.02441
2, 0.12157
3, 0.15074
4, 0.70328
