opt, freq
1, 0.29127
2, 0.32061
3, 0.18417
4, 0.20395
