opt, freq
1, 0.3422
2, 0.0614
3, 0.50828
4, 0.08812
