opt, freq
1, 0.06046
2, 0.93954
