opt, freq
1, 0.55608
2, 0.03046
3, 0.39314
4, 0.02032
