opt, freq
1, 0.37973
2, 0.12782
3, 0.36804
4, 0.12441
