opt, freq
1, 0.02359
2, 0.04239
3, 0.32985
4, 0.60417
