opt, freq
1, 0.52274
2, 0.06471
3, 0.36707
4, 0.04548
