opt, freq
1, 0.03159
2, 0.52063
3, 0.02538
4, 0.4224
