opt, freq
1, 0.40043
2, 0.10728
3, 0.38926
4, 0.10303
