opt, freq
1, 0.03866
2, 0.00488
3, 0.84875
4, 0.10771
