opt, freq
1, 0.52676
2, 0.30442
3, 0.10653
4, 0.06229
