opt, freq
1, 0.04316
2, 0.1435
3, 0.18959
4, 0.62375
