opt, freq
1, 0.03575
2, 0.13281
3, 0.17725
4, 0.65419
