opt, freq
1, 0.15802
2, 0.73651
3, 0.01841
4, 0.08706
