opt, freq
1, 0.00216
2, 0.0022
3, 0.56863
4, 0.42701
