opt, freq
1, 0.3343
2, 0.01204
3, 0.63265
4, 0.02101
