opt, freq
1, 0.20129
2, 0.02128
3, 0.70506
4, 0.07237
