opt, freq
1, 0.63763
2, 0.04995
3, 0.29074
4, 0.02168
