opt, freq
1, 0.09507
2, 0.00779
3, 0.83108
4, 0.06606
