opt, freq
1, 0.57873
2, 0.33429
3, 0.05522
4, 0.03176
