opt, freq
1, 0.09169
2, 0.23775
3, 0.18486
4, 0.4857
