opt, freq
2, 0.00607
3, 0.09518
4, 0.89875
