opt, freq
1, 0.32023
2, 0.10838
3, 0.42685
4, 0.14454
