opt, freq
1, 0.88147
2, 0.00883
3, 0.10875
4, 0.00095
