opt, freq
1, 0.07092
2, 0.33707
3, 0.10308
4, 0.48893
