opt, freq
1, 0.52082
2, 0.33039
3, 0.09138
4, 0.05741
