opt, freq
1, 0.47755
2, 0.19439
3, 0.23311
4, 0.09495
