opt, freq
1, 0.07583
2, 0.85816
3, 0.00484
4, 0.06117
