opt, freq
1, 0.32299
2, 0.53019
3, 0.05314
4, 0.09368
