opt, freq
1, 0.02487
2, 0.64905
3, 0.01195
4, 0.31413
