opt, freq
1, 0.03422
2, 0.41722
3, 0.04206
4, 0.5065
