opt, freq
1, 0.53646
2, 0.39719
3, 0.03759
4, 0.02876
