opt, freq
1, 0.24503
2, 0.05974
3, 0.55895
4, 0.13628
