opt, freq
1, 0.06803
2, 0.28286
3, 0.12708
4, 0.52203
