opt, freq
1, 0.69749
2, 0.00824
3, 0.29107
4, 0.0032
