opt, freq
1, 0.17363
2, 0.45467
3, 0.10242
4, 0.26928
