opt, freq
1, 0.72524
2, 0.14767
3, 0.10567
4, 0.02142
