opt, freq
1, 0.04473
2, 0.70977
3, 0.01404
4, 0.23146
