opt, freq
1, 0.70098
2, 0.23125
3, 0.05056
4, 0.01721
