opt, freq
1, 0.00879
2, 0.26219
3, 0.02721
4, 0.70181
