opt, freq
1, 0.05499
2, 0.41706
3, 0.06123
4, 0.46672
