opt, freq
1, 0.3822
2, 0.39087
3, 0.11147
4, 0.11546
