opt, freq
1, 0.31984
2, 0.41131
3, 0.1171
4, 0.15175
