opt, freq
1, 0.57112
2, 0.30154
3, 0.08266
4, 0.04468
