opt, freq
1, 0.20287
3, 0.79713
