opt, freq
1, 0.48612
2, 0.28402
3, 0.14559
4, 0.08427
