opt, freq
1, 0.02758
2, 0.18105
3, 0.10692
4, 0.68445
