opt, freq
1, 0.03651
2, 0.61261
3, 0.0201
4, 0.33078
