opt, freq
1, 0.00154
2, 0.00166
3, 0.78593
4, 0.21087
