opt, freq
1, 0.13971
2, 0.86029
