opt, freq
1, 0.48441
2, 0.32955
3, 0.11151
4, 0.07453
