opt, freq
1, 0.31272
2, 0.117
3, 0.41551
4, 0.15477
