opt, freq
1, 0.54175
2, 0.06823
3, 0.34712
4, 0.0429
