opt, freq
1, 0.03935
2, 0.00158
3, 0.92669
4, 0.03238
