opt, freq
1, 0.44582
2, 0.07877
3, 0.40442
4, 0.07099
