opt, freq
1, 0.15955
2, 0.20796
3, 0.27428
4, 0.35821
