opt, freq
1, 0.07232
2, 0.66159
3, 0.02582
4, 0.24027
