opt, freq
1, 0.03257
2, 0.39723
3, 0.04544
4, 0.52476
