opt, freq
1, 0.77011
2, 0.22312
3, 0.00498
4, 0.00179
