opt, freq
1, 0.01492
2, 0.75758
3, 0.0046
4, 0.2229
