opt, freq
1, 0.86023
2, 0.00936
3, 0.12908
4, 0.00133
