opt, freq
1, 0.09591
2, 0.45425
3, 0.07815
4, 0.37169
