opt, freq
1, 0.09385
2, 0.01041
3, 0.81258
4, 0.08316
