opt, freq
1, 0.10914
2, 0.21885
3, 0.22645
4, 0.44556
