opt, freq
1, 0.57794
2, 0.21281
3, 0.15427
4, 0.05498
