opt, freq
1, 0.43646
2, 0.55888
3, 0.00136
4, 0.0033
