opt, freq
1, 0.91176
2, 0.08824
