opt, freq
1, 0.36162
2, 0.251
3, 0.22873
4, 0.15865
