opt, freq
1, 0.09929
2, 0.08865
3, 0.43339
4, 0.37867
