opt, freq
1, 0.73045
3, 0.26955
