opt, freq
1, 0.55306
2, 0.3553
3, 0.05519
4, 0.03645
