opt, freq
1, 0.60996
2, 0.06246
3, 0.29783
4, 0.02975
