opt, freq
1, 0.0026
2, 0.18588
3, 0.01398
4, 0.79754
