opt, freq
1, 0.62142
2, 0.04837
3, 0.3081
4, 0.02211
