opt, freq
1, 0.12184
2, 0.0852
3, 0.47059
4, 0.32237
