opt, freq
1, 0.11846
2, 0.55488
3, 0.05789
4, 0.26877
