opt, freq
1, 0.16619
2, 0.30456
3, 0.18684
4, 0.34241
