opt, freq
1, 0.51237
2, 0.30029
3, 0.11812
4, 0.06922
