opt, freq
1, 0.04412
2, 0.20607
3, 0.12994
4, 0.61987
