opt, freq
1, 0.04209
2, 0.95791
