opt, freq
1, 0.18742
2, 0.03982
3, 0.63929
4, 0.13347
