opt, freq
1, 0.1487
2, 0.11802
3, 0.4052
4, 0.32808
