opt, freq
1, 0.33016
2, 0.64551
3, 0.00717
4, 0.01716
