opt, freq
1, 0.17781
2, 0.21355
3, 0.27551
4, 0.33313
