opt, freq
1, 0.11022
2, 0.35944
3, 0.12503
4, 0.40531
