opt, freq
1, 0.21512
2, 0.0084
3, 0.75125
4, 0.02523
