opt, freq
1, 0.6047
2, 0.34942
3, 0.02887
4, 0.01701
