opt, freq
1, 0.41155
2, 0.39581
3, 0.09706
4, 0.09558
