opt, freq
1, 0.09969
2, 0.06538
3, 0.51055
4, 0.32438
