opt, freq
1, 0.56023
2, 0.2724
3, 0.11124
4, 0.05613
