opt, freq
1, 0.10398
2, 0.08029
3, 0.46688
4, 0.34885
