opt, freq
1, 0.15207
2, 0.39751
3, 0.12498
4, 0.32544
