opt, freq
1, 0.2685
2, 0.68727
3, 0.01158
4, 0.03265
