opt, freq
1, 0.24562
2, 0.40645
3, 0.12966
4, 0.21827
