opt, freq
1, 0.53479
2, 0.33697
3, 0.07723
4, 0.05101
