opt, freq
1, 0.59147
2, 0.40329
3, 0.00233
4, 0.00291
