opt, freq
1, 0.08404
2, 0.32286
3, 0.12465
4, 0.46845
