opt, freq
1, 0.05894
2, 0.10897
3, 0.29395
4, 0.53814
