opt, freq
1, 0.33075
2, 0.47743
3, 0.07844
4, 0.11338
