opt, freq
1, 0.11654
2, 0.53558
3, 0.06054
4, 0.28734
