opt, freq
1, 0.60621
2, 0.18394
3, 0.16171
4, 0.04814
