opt, freq
1, 0.11746
2, 0.00685
3, 0.83001
4, 0.04568
