opt, freq
1, 0.21851
2, 0.69692
3, 0.01967
4, 0.0649
