opt, freq
1, 0.26519
2, 0.34448
3, 0.1688
4, 0.22153
