opt, freq
1, 0.56191
2, 0.14835
3, 0.22888
4, 0.06086
