opt, freq
1, 0.33662
2, 0.25
3, 0.23533
4, 0.17805
