opt, freq
1, 0.13422
2, 0.54094
3, 0.06381
4, 0.26103
