opt, freq
1, 0.65691
2, 0.19362
3, 0.1149
4, 0.03457
