opt, freq
1, 0.31981
2, 0.06627
3, 0.5106
4, 0.10332
