opt, freq
1, 0.14039
2, 0.45332
3, 0.09482
4, 0.31147
