opt, freq
1, 0.39845
2, 0.04906
3, 0.49087
4, 0.06162
