opt, freq
1, 0.01033
2, 0.27899
3, 0.02613
4, 0.68455
