opt, freq
1, 0.60542
2, 0.26696
3, 0.08864
4, 0.03898
