opt, freq
1, 0.0281
2, 0.48371
3, 0.02769
4, 0.4605
