opt, freq
1, 0.96207
2, 0.00905
3, 0.02869
4, 0.00019
