opt, freq
1, 0.11007
2, 0.0977
3, 0.42066
4, 0.37157
