opt, freq
1, 0.10351
2, 0.04194
3, 0.60668
4, 0.24787
