opt, freq
1, 0.07649
2, 0.57539
3, 0.04081
4, 0.30731
