opt, freq
1, 0.07074
2, 0.25509
3, 0.14455
4, 0.52962
