opt, freq
1, 0.51258
2, 0.07717
3, 0.35717
4, 0.05308
