opt, freq
1, 0.03204
2, 0.29873
3, 0.06427
4, 0.60496
