opt, freq
1, 0.16869
2, 0.76713
3, 0.01079
4, 0.05339
