opt, freq
1, 0.41351
2, 0.41836
3, 0.0847
4, 0.08343
