opt, freq
1, 0.31846
2, 0.68154
