opt, freq
1, 0.18113
2, 0.59224
3, 0.0535
4, 0.17313
