opt, freq
1, 0.01664
2, 0.8171
3, 0.00362
4, 0.16264
