opt, freq
1, 0.83053
2, 0.10055
3, 0.06097
4, 0.00795
