opt, freq
1, 0.35316
2, 0.49994
3, 0.06086
4, 0.08604
