opt, freq
1, 0.0109
2, 0.0924
3, 0.09414
4, 0.80256
