opt, freq
1, 0.10743
2, 0.12083
3, 0.364
4, 0.40774
