opt, freq
1, 0.48843
2, 0.18255
3, 0.24076
4, 0.08826
