opt, freq
1, 0.00054
2, 0.04722
3, 0.01533
4, 0.93691
