opt, freq
1, 0.28949
2, 0.48323
3, 0.08365
4, 0.14363
