opt, freq
1, 0.35205
2, 0.42025
3, 0.10351
4, 0.12419
