opt, freq
1, 0.09228
2, 0.19725
3, 0.22276
4, 0.48771
