opt, freq
1, 0.29306
2, 0.21884
3, 0.28014
4, 0.20796
