opt, freq
1, 0.10735
2, 0.28407
3, 0.1651
4, 0.44348
