opt, freq
1, 0.02967
2, 0.1377
3, 0.14461
4, 0.68802
