opt, freq
1, 0.23855
2, 0.61722
3, 0.03862
4, 0.10561
