opt, freq
1, 0.13845
2, 0.63591
3, 0.03955
4, 0.18609
