opt, freq
1, 0.00471
2, 0.042
3, 0.09073
4, 0.86256
