opt, freq
1, 0.27737
2, 0.04946
3, 0.57309
4, 0.10008
