opt, freq
1, 0.84634
2, 0.04345
3, 0.10489
4, 0.00532
