opt, freq
1, 0.5713
2, 0.23505
3, 0.13638
4, 0.05727
