opt, freq
1, 0.90415
2, 0.02735
3, 0.06649
4, 0.00201
