opt, freq
1, 0.04325
2, 0.18579
3, 0.14843
4, 0.62253
