opt, freq
1, 0.40456
2, 0.4083
3, 0.09233
4, 0.09481
