opt, freq
1, 0.00256
2, 0.02346
3, 0.09281
4, 0.88117
