opt, freq
1, 0.04605
2, 0.24362
3, 0.10782
4, 0.60251
