opt, freq
1, 0.20039
2, 0.14754
3, 0.37205
4, 0.28002
