opt, freq
1, 0.24959
2, 0.55728
3, 0.05895
4, 0.13418
