opt, freq
1, 0.06676
2, 0.78741
3, 0.01077
4, 0.13506
