opt, freq
1, 0.15562
2, 0.04685
3, 0.61238
4, 0.18515
