opt, freq
1, 0.53708
2, 0.11029
3, 0.2925
4, 0.06013
