opt, freq
1, 0.50384
2, 0.26821
3, 0.14801
4, 0.07994
