opt, freq
1, 0.10546
2, 0.4038
3, 0.10391
4, 0.38683
