opt, freq
1, 0.1082
2, 0.80744
3, 0.00951
4, 0.07485
