opt, freq
1, 0.16579
2, 0.12263
3, 0.40671
4, 0.30487
