opt, freq
1, 0.26529
2, 0.62786
3, 0.03129
4, 0.07556
