opt, freq
1, 0.45929
2, 0.06983
3, 0.41087
4, 0.06001
