opt, freq
1, 0.32493
2, 0.0192
3, 0.62237
4, 0.0335
