opt, freq
1, 0.01184
2, 0.09576
3, 0.10276
4, 0.78964
