opt, freq
1, 0.0986
2, 0.87715
3, 0.00184
4, 0.02241
