opt, freq
1, 0.11941
2, 0.87653
3, 3e-05
4, 0.00403
