opt, freq
1, 0.09619
2, 0.59828
3, 0.04155
4, 0.26398
