opt, freq
1, 0.27508
2, 0.28093
3, 0.21901
4, 0.22498
