opt, freq
1, 0.08255
2, 0.75157
3, 0.01681
4, 0.14907
