opt, freq
1, 0.13658
2, 0.55728
3, 0.05987
4, 0.24627
