opt, freq
1, 0.05186
2, 0.03315
3, 0.55696
4, 0.35803
