opt, freq
1, 0.49136
2, 0.07491
3, 0.37766
4, 0.05607
