opt, freq
1, 0.21499
2, 0.35649
3, 0.16237
4, 0.26615
