opt, freq
1, 0.15386
2, 0.17232
3, 0.31741
4, 0.35641
