opt, freq
1, 0.32205
2, 0.4939
3, 0.07108
4, 0.11297
