opt, freq
1, 0.03753
2, 0.25153
3, 0.0963
4, 0.61464
