opt, freq
1, 0.04637
2, 0.05994
3, 0.38909
4, 0.5046
