opt, freq
1, 0.06659
2, 0.4252
3, 0.06873
4, 0.43948
