opt, freq
1, 0.13121
2, 0.21769
3, 0.24284
4, 0.40826
