opt, freq
1, 0.21999
2, 0.04606
3, 0.6099
4, 0.12405
