opt, freq
1, 0.05863
2, 0.02593
3, 0.63043
4, 0.28501
