opt, freq
1, 0.0119
2, 0.05339
3, 0.16085
4, 0.77386
