opt, freq
1, 0.2744
2, 0.25718
3, 0.23795
4, 0.23047
