opt, freq
1, 0.325
2, 0.24387
3, 0.24634
4, 0.18479
