opt, freq
1, 0.11128
2, 0.15731
3, 0.29887
4, 0.43254
