opt, freq
1, 0.70316
2, 0.20819
3, 0.06836
4, 0.02029
