opt, freq
1, 0.71687
2, 0.2373
3, 0.03462
4, 0.01121
