opt, freq
1, 0.15208
2, 0.27595
3, 0.20102
4, 0.37095
