opt, freq
1, 0.15571
2, 0.23511
3, 0.2388
4, 0.37038
