opt, freq
1, 0.22177
2, 0.26938
3, 0.23069
4, 0.27816
