opt, freq
1, 0.02271
2, 0.06329
3, 0.23212
4, 0.68188
