opt, freq
1, 0.17498
2, 0.70029
3, 0.0236
4, 0.10113
