opt, freq
1, 0.32547
2, 0.04212
3, 0.56283
4, 0.06958
