opt, freq
1, 0.08072
2, 0.02394
3, 0.69081
4, 0.20453
