opt, freq
1, 0.04082
2, 0.31009
3, 0.07534
4, 0.57375
