opt, freq
1, 0.01648
2, 0.0293
3, 0.33524
4, 0.61898
