opt, freq
1, 0.02148
2, 0.55297
3, 0.01727
4, 0.40828
