opt, freq
1, 0.01708
2, 0.11011
3, 0.11811
4, 0.7547
