opt, freq
1, 0.72106
2, 0.21139
3, 0.05207
4, 0.01548
