opt, freq
1, 0.49452
2, 0.21664
3, 0.20018
4, 0.08866
