opt, freq
1, 0.46384
2, 0.44526
3, 0.04584
4, 0.04506
