opt, freq
1, 0.29976
2, 0.59484
3, 0.03438
4, 0.07102
