opt, freq
1, 0.6145
2, 0.07525
3, 0.27579
4, 0.03446
