opt, freq
1, 0.51782
2, 0.17293
3, 0.23138
4, 0.07787
