opt, freq
1, 0.30068
2, 0.14731
3, 0.37124
4, 0.18077
