opt, freq
1, 0.02231
2, 0.1825
3, 0.0877
4, 0.70749
