opt, freq
1, 0.00284
2, 0.224
3, 0.01346
4, 0.7597
