opt, freq
1, 0.62643
2, 0.22589
3, 0.10844
4, 0.03924
