opt, freq
1, 0.75778
2, 0.09281
3, 0.13305
4, 0.01636
