opt, freq
1, 0.68673
2, 0.22546
3, 0.0653
4, 0.02251
