opt, freq
1, 0.16249
2, 0.5896
3, 0.05308
4, 0.19483
