opt, freq
1, 0.05344
2, 0.15374
3, 0.20216
4, 0.59066
