opt, freq
1, 0.23634
2, 0.04971
3, 0.59197
4, 0.12198
