opt, freq
1, 0.01066
2, 0.01376
3, 0.4197
4, 0.55588
