opt, freq
1, 0.36495
2, 0.02103
3, 0.58201
4, 0.03201
