opt, freq
1, 0.1773
2, 0.08921
3, 0.49006
4, 0.24343
