opt, freq
1, 0.02752
2, 0.01722
3, 0.57999
4, 0.37527
