opt, freq
1, 0.3098
2, 0.66539
3, 0.00727
4, 0.01754
