opt, freq
1, 0.82816
2, 0.16433
3, 0.0061
4, 0.00141
