opt, freq
1, 0.25108
2, 0.54437
3, 0.06295
4, 0.1416
