opt, freq
1, 0.50493
2, 0.34795
3, 0.08762
4, 0.0595
