opt, freq
1, 0.43854
2, 0.12905
3, 0.33356
4, 0.09885
