opt, freq
1, 0.09558
2, 0.51712
3, 0.0598
4, 0.3275
