opt, freq
1, 0.35771
2, 0.0863
3, 0.44996
4, 0.10603
