opt, freq
1, 0.0721
2, 0.01151
3, 0.79246
4, 0.12393
