opt, freq
1, 0.05295
2, 0.82225
3, 0.0072
4, 0.1176
