opt, freq
1, 0.0102
2, 0.03627
3, 0.20445
4, 0.74908
