opt, freq
1, 0.05277
2, 0.17725
3, 0.18197
4, 0.58801
