opt, freq
1, 0.00997
2, 0.56324
3, 0.00753
4, 0.41926
