opt, freq
1, 0.08984
2, 0.11605
3, 0.34278
4, 0.45133
