opt, freq
1, 0.01302
2, 0.05337
3, 0.18155
4, 0.75206
