opt, freq
1, 0.03956
2, 0.10584
3, 0.23144
4, 0.62316
