opt, freq
1, 0.50417
2, 0.2052
3, 0.20702
4, 0.08361
