opt, freq
1, 0.03952
2, 0.49263
3, 0.03564
4, 0.43221
