opt, freq
1, 0.0106
2, 0.03468
3, 0.22256
4, 0.73216
