opt, freq
1, 0.68247
2, 0.27069
3, 0.03349
4, 0.01335
