opt, freq
1, 0.60142
2, 0.29183
3, 0.07084
4, 0.03591
