opt, freq
1, 0.6601
2, 0.00813
3, 0.32791
4, 0.00386
