opt, freq
1, 0.13528
2, 0.15362
3, 0.3385
4, 0.3726
