opt, freq
1, 0.38575
2, 0.42544
3, 0.08756
4, 0.10125
