opt, freq
1, 0.207
2, 0.7488
3, 0.00924
4, 0.03496
