opt, freq
1, 0.43646
2, 0.2946
3, 0.15814
4, 0.1108
