opt, freq
1, 0.16776
2, 0.60652
3, 0.04827
4, 0.17745
