opt, freq
1, 0.07761
2, 0.8979
3, 0.00137
4, 0.02312
