opt, freq
1, 0.09118
2, 0.07528
3, 0.46062
4, 0.37292
