opt, freq
1, 0.04347
2, 0.04217
3, 0.46587
4, 0.44849
