opt, freq
1, 0.77069
3, 0.22931
