opt, freq
1, 0.61723
2, 0.35589
3, 0.01679
4, 0.01009
