opt, freq
1, 0.55639
2, 0.11271
3, 0.27502
4, 0.05588
