opt, freq
1, 0.03996
2, 0.18925
3, 0.13648
4, 0.63431
