opt, freq
1, 0.28602
2, 0.14055
3, 0.38431
4, 0.18912
