opt, freq
1, 0.03069
2, 0.05507
3, 0.32175
4, 0.59249
