opt, freq
1, 0.07659
2, 0.25025
3, 0.15855
4, 0.51461
