opt, freq
1, 0.36451
2, 0.42935
3, 0.09283
4, 0.11331
