opt, freq
1, 0.20225
2, 0.59235
3, 0.05172
4, 0.15368
