opt, freq
1, 0.03093
2, 0.23903
3, 0.08225
4, 0.64779
