opt, freq
1, 0.00284
2, 0.00298
3, 0.25186
4, 0.74232
