opt, freq
1, 0.06059
2, 0.93535
4, 0.00406
