opt, freq
1, 0.0516
2, 0.05452
3, 0.43819
4, 0.45569
