opt, freq
1, 0.00043
2, 0.00072
3, 0.98545
4, 0.0134
