opt, freq
1, 0.33434
2, 0.11358
3, 0.41364
4, 0.13844
