opt, freq
1, 0.06792
2, 0.76646
3, 0.01289
4, 0.15273
