opt, freq
1, 0.15652
2, 0.55774
3, 0.06184
4, 0.2239
