opt, freq
1, 0.21887
2, 0.48908
3, 0.08922
4, 0.20283
