opt, freq
1, 0.3304
2, 0.50414
3, 0.06531
4, 0.10015
