opt, freq
1, 0.23722
2, 0.33337
3, 0.17678
4, 0.25263
