opt, freq
1, 0.18638
2, 0.40267
3, 0.13101
4, 0.27994
