opt, freq
1, 0.1245
2, 0.02011
3, 0.74228
4, 0.11311
