opt, freq
1, 0.45398
2, 0.33606
3, 0.11906
4, 0.0909
