opt, freq
1, 0.07894
2, 0.62698
3, 0.03164
4, 0.26244
