opt, freq
1, 0.5352
2, 0.09443
3, 0.31539
4, 0.05498
