opt, freq
1, 0.20264
2, 0.2081
3, 0.29076
4, 0.2985
