opt, freq
1, 0.02839
2, 0.34297
3, 0.04817
4, 0.58047
