opt, freq
1, 0.32027
2, 0.00466
3, 0.66699
4, 0.00808
