opt, freq
1, 0.59615
2, 0.17553
3, 0.17495
4, 0.05337
