opt, freq
1, 0.1087
2, 0.03398
3, 0.65836
4, 0.19896
