opt, freq
1, 0.52678
2, 0.12395
3, 0.28359
4, 0.06568
