opt, freq
1, 0.04946
2, 0.0769
3, 0.3452
4, 0.52844
