opt, freq
1, 0.03561
2, 0.006
3, 0.81246
4, 0.14593
