opt, freq
1, 0.09308
2, 0.58043
3, 0.04615
4, 0.28034
