opt, freq
1, 0.35962
2, 0.28845
3, 0.19485
4, 0.15708
