opt, freq
1, 0.07861
2, 0.21061
3, 0.19443
4, 0.51635
