opt, freq
1, 0.05877
2, 0.37306
3, 0.07736
4, 0.49081
