opt, freq
1, 0.35554
2, 0.02837
3, 0.57207
4, 0.04402
