opt, freq
1, 0.50059
2, 0.37326
3, 0.07177
4, 0.05438
