opt, freq
1, 0.07364
2, 0.35682
3, 0.09924
4, 0.4703
