opt, freq
1, 0.00292
2, 0.20524
3, 0.01398
4, 0.77786
