opt, freq
1, 0.29289
2, 0.29965
3, 0.20127
4, 0.20619
