opt, freq
1, 0.09167
2, 0.56308
3, 0.04606
4, 0.29919
