opt, freq
1, 0.61065
2, 0.15865
3, 0.18214
4, 0.04856
