opt, freq
1, 0.73629
2, 0.05445
3, 0.19468
4, 0.01458
