opt, freq
1, 0.15942
2, 0.83633
3, 9e-05
4, 0.00416
