opt, freq
1, 0.27927
2, 0.71639
3, 0.00067
4, 0.00367
