opt, freq
1, 0.06491
2, 0.17415
3, 0.20324
4, 0.5577
