opt, freq
1, 0.24722
2, 0.30222
3, 0.20425
4, 0.24631
