opt, freq
1, 0.12783
2, 0.78709
3, 0.0112
4, 0.07388
