opt, freq
2, 0.00596
3, 0.05478
4, 0.93926
