opt, freq
1, 0.37306
2, 0.0131
3, 0.59449
4, 0.01935
