opt, freq
1, 0.07967
2, 0.33075
3, 0.11515
4, 0.47443
