opt, freq
1, 0.00259
2, 0.00271
3, 0.45037
4, 0.54433
