opt, freq
1, 0.0805
2, 0.51135
3, 0.0544
4, 0.35375
