opt, freq
1, 0.07962
2, 0.14665
3, 0.27142
4, 0.50231
