opt, freq
1, 0.10118
2, 0.18942
3, 0.25095
4, 0.45845
