opt, freq
1, 0.39564
2, 0.09347
3, 0.41251
4, 0.09838
