opt, freq
1, 0.29543
2, 0.17584
3, 0.33373
4, 0.195
