opt, freq
1, 0.06967
2, 0.0775
3, 0.40288
4, 0.44995
