opt, freq
1, 0.02207
2, 0.02338
3, 0.45291
4, 0.50164
