opt, freq
1, 0.17315
2, 0.05267
3, 0.59645
4, 0.17773
