opt, freq
1, 0.06464
2, 0.26454
3, 0.13167
4, 0.53915
