opt, freq
1, 0.0279
2, 0.03931
3, 0.38274
4, 0.55005
