opt, freq
1, 0.9418
2, 0.00903
3, 0.04882
4, 0.00035
