opt, freq
1, 0.17158
2, 0.63749
3, 0.03927
4, 0.15166
