opt, freq
1, 0.04841
2, 0.05813
3, 0.40321
4, 0.49025
