opt, freq
1, 0.40661
2, 0.0609
3, 0.46307
4, 0.06942
