opt, freq
1, 0.07332
2, 0.21707
3, 0.17828
4, 0.53133
