opt, freq
1, 0.30313
2, 0.28829
3, 0.21007
4, 0.19851
