opt, freq
1, 0.28086
2, 0.2295
3, 0.26945
4, 0.22019
