opt, freq
1, 0.31551
2, 0.15318
3, 0.35657
4, 0.17474
