opt, freq
1, 0.5925
2, 0.34164
3, 0.04124
4, 0.02462
