opt, freq
1, 0.41078
2, 0.28029
3, 0.18292
4, 0.12601
