opt, freq
1, 0.40828
2, 0.12162
3, 0.36046
4, 0.10964
