opt, freq
1, 0.09997
2, 0.46812
3, 0.07526
4, 0.35665
