opt, freq
1, 0.31516
2, 0.04943
3, 0.5524
4, 0.08301
