opt, freq
1, 0.23148
2, 0.26003
3, 0.24016
4, 0.26833
