opt, freq
1, 0.4768
2, 0.35568
3, 0.09516
4, 0.07236
