opt, freq
1, 0.05688
2, 0.31492
3, 0.09777
4, 0.53043
