opt, freq
1, 0.29256
2, 0.68281
3, 0.00658
4, 0.01805
