opt, freq
1, 0.45117
2, 0.11898
3, 0.34033
4, 0.08952
