opt, freq
1, 0.56385
2, 0.04234
3, 0.36558
4, 0.02823
