opt, freq
1, 0.42678
2, 0.27797
3, 0.1795
4, 0.11575
