opt, freq
1, 0.36905
2, 0.32262
3, 0.16355
4, 0.14478
