opt, freq
1, 0.18709
2, 0.10162
3, 0.46264
4, 0.24865
