opt, freq
1, 0.39393
2, 0.37757
3, 0.11725
4, 0.11125
