opt, freq
1, 0.1675
2, 0.24055
3, 0.24408
4, 0.34787
