opt, freq
1, 0.33931
2, 0.0705
3, 0.48892
4, 0.10127
