opt, freq
1, 0.64191
2, 0.21082
3, 0.11095
4, 0.03632
