opt, freq
1, 0.0152
2, 0.79973
3, 0.0036
4, 0.18147
