opt, freq
1, 0.47169
2, 0.3202
3, 0.12284
4, 0.08527
