opt, freq
1, 0.55123
2, 0.09738
3, 0.29861
4, 0.05278
