opt, freq
1, 0.27473
2, 0.50087
3, 0.07854
4, 0.14586
