opt, freq
1, 0.37678
2, 0.35502
3, 0.13753
4, 0.13067
