opt, freq
1, 0.27943
2, 0.62847
3, 0.02801
4, 0.06409
