opt, freq
1, 0.08852
2, 0.3191
3, 0.12642
4, 0.46596
