opt, freq
1, 0.02223
2, 0.0228
3, 0.46724
4, 0.48773
