opt, freq
1, 0.47546
2, 0.52454
