opt, freq
1, 0.2451
2, 0.32515
3, 0.18628
4, 0.24347
