opt, freq
1, 0.02374
2, 0.4058
3, 0.03247
4, 0.53799
