opt, freq
1, 0.19312
2, 0.07125
3, 0.536
4, 0.19963
