opt, freq
1, 0.12283
2, 0.26764
3, 0.19246
4, 0.41707
