opt, freq
1, 0.79446
2, 0.0766
3, 0.11793
4, 0.01101
