opt, freq
1, 0.00222
2, 0.06495
3, 0.0336
4, 0.89923
