opt, freq
1, 0.49837
2, 0.08763
3, 0.35197
4, 0.06203
