opt, freq
1, 0.00328
2, 0.00275
3, 0.15309
4, 0.84088
