opt, freq
1, 0.01433
2, 0.09394
3, 0.11978
4, 0.77195
