opt, freq
1, 0.18791
2, 0.05611
3, 0.58159
4, 0.17439
