opt, freq
1, 0.41044
2, 0.13855
3, 0.33871
4, 0.1123
