opt, freq
1, 0.13285
2, 0.62013
3, 0.04214
4, 0.20488
