opt, freq
1, 0.153
2, 0.03248
3, 0.67584
4, 0.13868
