opt, freq
1, 0.30801
2, 0.01784
3, 0.6384
4, 0.03575
