opt, freq
1, 0.20916
2, 0.30076
3, 0.19869
4, 0.29139
