opt, freq
1, 0.29619
2, 0.53541
3, 0.05972
4, 0.10868
