opt, freq
1, 0.03682
2, 0.00739
3, 0.79249
4, 0.1633
