opt, freq
1, 0.09041
2, 0.01012
3, 0.81227
4, 0.0872
