opt, freq
1, 0.03276
2, 0.03287
3, 0.46
4, 0.47437
