opt, freq
1, 0.05148
2, 0.27657
3, 0.10437
4, 0.56758
