opt, freq
1, 0.29445
2, 0.25811
3, 0.23798
4, 0.20946
