opt, freq
1, 0.38457
2, 0.28802
3, 0.18469
4, 0.14272
