opt, freq
1, 0.53734
2, 0.00701
3, 0.45066
4, 0.00499
