opt, freq
1, 0.18129
2, 0.4318
3, 0.11275
4, 0.27416
