opt, freq
1, 0.24777
2, 0.36064
3, 0.15802
4, 0.23357
