opt, freq
1, 0.40689
2, 0.48752
3, 0.04756
4, 0.05803
