opt, freq
1, 0.18659
2, 0.44229
3, 0.10951
4, 0.26161
