opt, freq
1, 0.63791
2, 0.06746
3, 0.26663
4, 0.028
