opt, freq
1, 0.02288
2, 0.56817
3, 0.01581
4, 0.39314
