opt, freq
1, 0.08273
2, 0.38821
3, 0.09414
4, 0.43492
