opt, freq
1, 0.01649
2, 0.45422
3, 0.01965
4, 0.50964
