opt, freq
1, 0.1109
2, 0.80484
3, 0.01008
4, 0.07418
