opt, freq
1, 0.33275
2, 0.19463
3, 0.29924
4, 0.17338
