opt, freq
1, 0.36224
2, 0.04541
3, 0.52664
4, 0.06571
