opt, freq
1, 0.4183
2, 0.0879
3, 0.40932
4, 0.08448
