opt, freq
1, 0.37076
2, 0.19935
3, 0.279
4, 0.15089
