opt, freq
1, 0.452
2, 0.54321
3, 0.00156
4, 0.00323
