opt, freq
1, 0.18323
2, 0.01987
3, 0.72404
4, 0.07286
