opt, freq
1, 0.45923
2, 0.31368
3, 0.13317
4, 0.09392
