opt, freq
1, 0.22315
2, 0.18351
3, 0.32801
4, 0.26533
