opt, freq
1, 0.80718
2, 0.0422
3, 0.14361
4, 0.00701
