opt, freq
1, 0.08568
2, 0.01862
3, 0.7399
4, 0.1558
