opt, freq
1, 0.07406
2, 0.5578
3, 0.04209
4, 0.32605
