opt, freq
1, 0.18529
2, 0.12129
3, 0.42152
4, 0.2719
