opt, freq
1, 0.05317
2, 0.19319
3, 0.16233
4, 0.59131
