opt, freq
1, 0.17774
2, 0.0487
3, 0.60915
4, 0.16441
