opt, freq
1, 0.12919
2, 0.37906
3, 0.12529
4, 0.36646
