opt, freq
1, 0.10579
2, 0.4253
3, 0.09147
4, 0.37744
