opt, freq
1, 0.57931
2, 0.19211
3, 0.1717
4, 0.05688
