opt, freq
1, 0.20635
2, 0.64749
3, 0.03446
4, 0.1117
