opt, freq
1, 0.2504
2, 0.50268
3, 0.08252
4, 0.1644
