opt, freq
1, 0.17409
2, 0.49825
3, 0.08395
4, 0.24371
