opt, freq
1, 0.09585
2, 0.00551
3, 0.85113
4, 0.04751
