opt, freq
1, 0.00544
2, 0.36533
3, 0.01109
4, 0.61814
