opt, freq
1, 0.07212
2, 0.2371
3, 0.16195
4, 0.52883
