opt, freq
1, 0.08338
2, 0.1207
3, 0.32396
4, 0.47196
