opt, freq
1, 0.01623
2, 0.04989
3, 0.21686
4, 0.71702
