opt, freq
1, 0.05128
2, 0.2151
3, 0.14163
4, 0.59199
