opt, freq
1, 0.54758
2, 0.22319
3, 0.16426
4, 0.06497
