opt, freq
1, 0.12192
2, 0.24653
3, 0.21012
4, 0.42143
