opt, freq
2, 0.00561
3, 0.27157
4, 0.72282
