opt, freq
1, 0.05118
2, 0.09414
3, 0.30149
4, 0.55319
