opt, freq
1, 0.0685
2, 0.01432
3, 0.76003
4, 0.15715
