opt, freq
1, 0.41114
2, 0.23778
3, 0.22121
4, 0.12987
