opt, freq
1, 0.88419
2, 0.04563
3, 0.06702
4, 0.00316
