opt, freq
1, 0.64025
2, 0.14945
3, 0.17095
4, 0.03935
