opt, freq
1, 0.84521
2, 0.14677
3, 0.00681
4, 0.00121
