opt, freq
1, 0.24372
2, 0.08228
3, 0.50477
4, 0.16923
