opt, freq
1, 0.08963
2, 0.03694
3, 0.62054
4, 0.25289
