opt, freq
1, 0.01615
2, 0.83906
3, 0.00307
4, 0.14172
