opt, freq
1, 0.17899
2, 0.47453
3, 0.09594
4, 0.25054
