opt, freq
1, 0.01465
2, 0.00962
3, 0.57793
4, 0.3978
