opt, freq
1, 0.49378
2, 0.11617
3, 0.3179
4, 0.07215
