opt, freq
1, 0.00866
2, 0.23765
3, 0.02722
4, 0.72647
