opt, freq
1, 0.29921
2, 0.00451
3, 0.6874
4, 0.00888
