opt, freq
1, 0.34508
2, 0.1673
3, 0.32594
4, 0.16168
