opt, freq
1, 0.02265
2, 0.10551
3, 0.15344
4, 0.7184
