opt, freq
1, 0.43134
2, 0.05506
3, 0.45807
4, 0.05553
