opt, freq
1, 0.03535
2, 0.33444
3, 0.06018
4, 0.57003
