opt, freq
1, 0.07528
2, 0.00669
3, 0.85186
4, 0.06617
