opt, freq
1, 0.24881
2, 0.64582
3, 0.02859
4, 0.07678
