opt, freq
1, 0.01744
2, 0.00667
3, 0.69249
4, 0.2834
