opt, freq
1, 0.27091
2, 0.58299
3, 0.04602
4, 0.10008
