opt, freq
1, 0.1369
2, 0.21027
3, 0.25629
4, 0.39654
