opt, freq
1, 0.08069
2, 0.73231
3, 0.0176
4, 0.1694
