opt, freq
1, 0.26301
3, 0.73699
