opt, freq
1, 0.202
2, 0.24647
3, 0.25067
4, 0.30086
