opt, freq
1, 0.04762
2, 0.01675
3, 0.68223
4, 0.2534
