opt, freq
1, 0.51129
2, 0.44362
3, 0.02329
4, 0.0218
