opt, freq
1, 0.88638
2, 0.10496
3, 0.00775
4, 0.00091
