opt, freq
1, 0.03783
2, 0.47158
3, 0.03844
4, 0.45215
