opt, freq
1, 0.08045
2, 0.02155
3, 0.7084
4, 0.1896
