opt, freq
1, 0.02056
2, 0.0663
3, 0.21134
4, 0.7018
