opt, freq
1, 0.04377
2, 0.02022
3, 0.64467
4, 0.29134
