opt, freq
1, 0.06105
2, 0.12387
3, 0.27149
4, 0.54359
