opt, freq
1, 0.3571
2, 0.53688
3, 0.04097
4, 0.06505
