opt, freq
1, 0.40033
2, 0.25117
3, 0.21392
4, 0.13458
