opt, freq
1, 0.55644
2, 0.44356
