opt, freq
1, 0.25873
2, 0.04693
3, 0.59091
4, 0.10343
