opt, freq
1, 0.45453
2, 0.13547
3, 0.3165
4, 0.0935
