opt, freq
1, 0.72956
2, 0.03877
3, 0.22077
4, 0.0109
