opt, freq
1, 0.02991
2, 0.05735
3, 0.30469
4, 0.60805
