opt, freq
1, 0.00043
2, 0.02546
3, 0.01523
4, 0.95888
