opt, freq
1, 0.19091
2, 0.50329
3, 0.08413
4, 0.22167
