opt, freq
1, 0.31297
2, 0.19961
3, 0.29952
4, 0.1879
