opt, freq
1, 0.28231
2, 0.16761
3, 0.34866
4, 0.20142
