opt, freq
1, 0.11962
2, 0.63238
3, 0.03971
4, 0.20829
