opt, freq
1, 0.53816
2, 0.31499
3, 0.09253
4, 0.05432
