opt, freq
1, 0.05217
2, 0.50021
3, 0.04371
4, 0.40391
