opt, freq
1, 0.04741
2, 0.76395
3, 0.01087
4, 0.17777
