opt, freq
1, 0.02425
2, 0.06331
3, 0.24932
4, 0.66312
