opt, freq
1, 0.02128
2, 0.26621
3, 0.05499
4, 0.65752
