opt, freq
1, 0.53292
2, 0.46163
3, 0.00228
4, 0.00317
