opt, freq
1, 0.7559
2, 0.07377
3, 0.15487
4, 0.01546
