opt, freq
1, 0.07308
2, 0.39601
3, 0.08282
4, 0.44809
