opt, freq
1, 0.02439
2, 0.62547
3, 0.01375
4, 0.33639
