opt, freq
1, 0.28932
2, 0.56511
3, 0.04826
4, 0.09731
