opt, freq
1, 0.25401
2, 0.25166
3, 0.25074
4, 0.24359
