opt, freq
1, 0.77186
2, 0.20057
3, 0.02126
4, 0.00631
