opt, freq
1, 0.12483
2, 0.0624
3, 0.54409
4, 0.26868
