opt, freq
1, 0.09559
2, 0.25191
3, 0.18033
4, 0.47217
