opt, freq
1, 0.12326
2, 0.07964
3, 0.48347
4, 0.31363
