opt, freq
1, 0.06614
2, 0.01833
3, 0.72105
4, 0.19448
