opt, freq
1, 0.38528
2, 0.0815
3, 0.44502
4, 0.0882
