opt, freq
1, 0.01152
2, 0.11456
3, 0.08428
4, 0.78964
