opt, freq
1, 0.65498
2, 0.17521
3, 0.13432
4, 0.03549
