opt, freq
1, 0.07385
2, 0.13435
3, 0.28058
4, 0.51122
