opt, freq
1, 0.6303
2, 0.3635
3, 0.00345
4, 0.00275
