opt, freq
1, 0.04044
2, 0.95548
4, 0.00408
