opt, freq
1, 0.17171
2, 0.78281
3, 0.00686
4, 0.03862
