opt, freq
1, 0.01983
2, 0.00161
3, 0.90593
4, 0.07263
