opt, freq
1, 0.79151
2, 0.05977
3, 0.13868
4, 0.01004
