opt, freq
1, 0.09285
2, 0.21103
3, 0.2147
4, 0.48142
