opt, freq
1, 0.6566
2, 0.13418
3, 0.17402
4, 0.0352
