opt, freq
1, 0.41293
2, 0.05263
3, 0.47475
4, 0.05969
