opt, freq
1, 0.02478
2, 0.02091
3, 0.50567
4, 0.44864
