opt, freq
1, 0.14769
2, 0.03508
3, 0.66027
4, 0.15696
