opt, freq
1, 0.27282
2, 0.13441
3, 0.39727
4, 0.1955
