opt, freq
1, 0.01315
2, 0.01196
3, 0.47904
4, 0.49585
