opt, freq
1, 0.21633
2, 0.75978
3, 0.0046
4, 0.01929
