opt, freq
1, 0.06489
2, 0.06145
3, 0.44695
4, 0.42671
