opt, freq
1, 0.51903
2, 0.19084
3, 0.21213
4, 0.078
