opt, freq
1, 0.31202
2, 0.21523
3, 0.28123
4, 0.19152
