opt, freq
1, 0.34382
2, 0.32751
3, 0.1694
4, 0.15927
