opt, freq
1, 0.08901
2, 0.13784
3, 0.30349
4, 0.46966
