opt, freq
1, 0.2414
2, 0.04315
3, 0.60644
4, 0.10901
