opt, freq
1, 0.42946
2, 0.01527
3, 0.53842
4, 0.01685
