opt, freq
1, 0.08675
2, 0.46657
3, 0.06933
4, 0.37735
