opt, freq
1, 0.26832
2, 0.38115
3, 0.1445
4, 0.20603
