opt, freq
1, 0.30819
2, 0.6063
3, 0.0285
4, 0.05701
