opt, freq
1, 0.13486
2, 0.39619
3, 0.11893
4, 0.35002
