opt, freq
1, 0.66999
2, 0.32384
3, 0.00385
4, 0.00232
