opt, freq
1, 0.01294
2, 0.33886
3, 0.02324
4, 0.62496
