opt, freq
1, 0.01189
2, 0.09637
3, 0.10221
4, 0.78953
