opt, freq
1, 0.18167
2, 0.6517
3, 0.03551
4, 0.13112
