opt, freq
1, 0.11177
2, 0.70267
3, 0.0245
4, 0.16106
