opt, freq
1, 0.49909
2, 0.50091
