opt, freq
1, 0.39626
2, 0.21298
3, 0.25526
4, 0.1355
