opt, freq
1, 0.54843
2, 0.01781
3, 0.41976
4, 0.014
