opt, freq
1, 0.21597
2, 0.6197
3, 0.04132
4, 0.12301
