opt, freq
1, 0.543
2, 0.12781
3, 0.26718
4, 0.06201
