opt, freq
1, 0.01831
2, 0.00491
3, 0.77255
4, 0.20423
