opt, freq
1, 0.58024
2, 0.08906
3, 0.28621
4, 0.04449
