opt, freq
1, 0.50521
2, 0.24601
3, 0.16623
4, 0.08255
