opt, freq
1, 0.15494
2, 0.33532
3, 0.16046
4, 0.34928
