opt, freq
1, 0.41777
2, 0.58223
