opt, freq
1, 0.28149
2, 0.10479
3, 0.44564
4, 0.16808
