opt, freq
1, 0.00228
2, 0.16564
3, 0.01365
4, 0.81843
