opt, freq
1, 0.11631
2, 0.71746
3, 0.02214
4, 0.14409
