opt, freq
1, 0.49197
2, 0.31446
3, 0.11806
4, 0.07551
