opt, freq
1, 0.72505
2, 0.16606
3, 0.08834
4, 0.02055
