opt, freq
1, 0.08696
2, 0.78811
3, 0.01265
4, 0.11228
