opt, freq
1, 0.33369
2, 0.39864
3, 0.12206
4, 0.14561
