opt, freq
1, 0.23038
2, 0.27717
3, 0.2224
4, 0.27005
