opt, freq
1, 0.69179
2, 0.12079
3, 0.15997
4, 0.02745
