opt, freq
1, 0.33347
2, 0.60156
3, 0.02262
4, 0.04235
