opt, freq
1, 0.383
2, 0.26657
3, 0.20755
4, 0.14288
