opt, freq
1, 0.63764
2, 0.2351
3, 0.09316
4, 0.0341
