opt, freq
1, 0.16506
2, 0.20342
3, 0.2846
4, 0.34692
