opt, freq
1, 0.57299
2, 0.42122
3, 0.00279
4, 0.003
