opt, freq
1, 0.30589
2, 0.2001
3, 0.29892
4, 0.19509
