opt, freq
1, 0.01988
2, 0.02626
3, 0.39398
4, 0.55988
