opt, freq
1, 0.57005
2, 0.05664
3, 0.3393
4, 0.03401
