opt, freq
2, 0.0057
3, 0.37024
4, 0.62406
