opt, freq
1, 0.58461
2, 0.10424
3, 0.26483
4, 0.04632
