opt, freq
1, 0.02077
2, 0.00115
3, 0.92617
4, 0.05191
