opt, freq
1, 0.0032
2, 0.00297
3, 0.17173
4, 0.8221
