opt, freq
1, 0.00425
2, 0.02178
3, 0.14868
4, 0.82529
