opt, freq
1, 0.18936
2, 0.31863
3, 0.18443
4, 0.30758
