opt, freq
1, 0.2416
2, 0.24769
3, 0.25029
4, 0.26042
