opt, freq
1, 0.16809
2, 0.44451
3, 0.10764
4, 0.27976
