opt, freq
1, 0.01504
2, 0.41554
3, 0.02122
4, 0.5482
