opt, freq
1, 0.71368
2, 0.25983
3, 0.01956
4, 0.00693
