opt, freq
1, 0.14036
2, 0.57201
3, 0.05656
4, 0.23107
