opt, freq
1, 0.41618
2, 0.15398
3, 0.31399
4, 0.11585
