opt, freq
1, 0.05574
2, 0.6582
3, 0.02222
4, 0.26384
