opt, freq
1, 0.13298
2, 0.03289
3, 0.67483
4, 0.1593
