opt, freq
1, 0.04084
2, 0.65254
3, 0.01831
4, 0.28831
