opt, freq
1, 0.62512
2, 0.16487
3, 0.16769
4, 0.04232
