opt, freq
1, 0.05113
2, 0.01098
3, 0.77922
4, 0.15867
