opt, freq
1, 0.26794
2, 0.22115
3, 0.28208
4, 0.22883
