opt, freq
1, 0.18613
2, 0.1635
3, 0.3454
4, 0.30497
