opt, freq
1, 0.05708
2, 0.451
3, 0.05384
4, 0.43808
