opt, freq
1, 0.24995
2, 0.09499
3, 0.47773
4, 0.17733
