opt, freq
1, 0.35607
2, 0.31275
3, 0.17614
4, 0.15504
