opt, freq
1, 0.29648
2, 0.04621
3, 0.57061
4, 0.0867
