opt, freq
1, 0.04266
2, 0.04324
3, 0.4487
4, 0.4654
