opt, freq
1, 0.07102
2, 0.3801
3, 0.08337
4, 0.46551
