opt, freq
1, 0.33887
2, 0.55628
3, 0.03963
4, 0.06522
