opt, freq
1, 0.00161
2, 0.00176
3, 0.70096
4, 0.29567
