opt, freq
1, 0.07441
2, 0.68006
3, 0.02376
4, 0.22177
