opt, freq
1, 0.01942
2, 0.9566
3, 0.00044
4, 0.02354
