opt, freq
1, 0.03877
2, 0.02655
3, 0.55204
4, 0.38264
