opt, freq
1, 0.00848
2, 0.50324
3, 0.00905
4, 0.47923
