opt, freq
1, 0.01955
2, 0.0042
3, 0.78555
4, 0.1907
