opt, freq
1, 0.04222
2, 0.67289
3, 0.01625
4, 0.26864
