opt, freq
1, 0.43294
2, 0.11359
3, 0.35997
4, 0.0935
