opt, freq
1, 0.35762
2, 0.63781
3, 0.00074
4, 0.00383
