opt, freq
1, 0.6746
2, 0.17753
3, 0.11734
4, 0.03053
