opt, freq
1, 0.23861
2, 0.21103
3, 0.29458
4, 0.25578
