opt, freq
1, 0.00426
2, 0.28374
3, 0.0128
4, 0.6992
