opt, freq
1, 0.00874
2, 0.03755
3, 0.16678
4, 0.78693
