opt, freq
1, 0.14383
2, 0.01864
3, 0.74353
4, 0.094
