opt, freq
1, 0.1229
2, 0.20624
3, 0.25
4, 0.42086
