opt, freq
1, 0.46786
2, 0.38302
3, 0.08191
4, 0.06721
