opt, freq
1, 0.09771
2, 0.00382
3, 0.86875
4, 0.02972
