opt, freq
1, 0.41683
2, 0.53823
3, 0.01948
4, 0.02546
