opt, freq
1, 0.28315
2, 0.02251
3, 0.64426
4, 0.05008
