opt, freq
1, 0.01961
2, 0.14674
3, 0.09598
4, 0.73767
