opt, freq
1, 0.17949
2, 0.02386
3, 0.70741
4, 0.08924
