opt, freq
1, 0.48957
2, 0.23904
3, 0.1822
4, 0.08919
