opt, freq
1, 0.00346
2, 0.04266
3, 0.07312
4, 0.88076
