opt, freq
1, 0.1015
2, 0.12418
3, 0.34742
4, 0.4269
