opt, freq
1, 0.03201
2, 0.05405
3, 0.34124
4, 0.5727
