opt, freq
1, 0.25664
2, 0.74336
