opt, freq
1, 0.09678
2, 0.02594
3, 0.69132
4, 0.18596
