opt, freq
1, 0.62196
2, 0.12645
3, 0.20909
4, 0.0425
