opt, freq
1, 0.03199
2, 0.13435
3, 0.16196
4, 0.6717
