opt, freq
1, 0.2634
2, 0.1432
3, 0.38478
4, 0.20862
