opt, freq
1, 0.05673
2, 0.05026
3, 0.47348
4, 0.41953
