opt, freq
1, 0.14092
2, 0.31088
3, 0.17034
4, 0.37786
