opt, freq
1, 0.02751
2, 0.07892
3, 0.22446
4, 0.66911
