opt, freq
1, 0.02881
2, 0.36453
3, 0.04621
4, 0.56045
