opt, freq
1, 0.58298
2, 0.39236
3, 0.0144
4, 0.01026
