opt, freq
1, 0.10082
2, 0.10673
3, 0.38943
4, 0.40302
