opt, freq
1, 0.57702
2, 0.15458
3, 0.21335
4, 0.05505
