opt, freq
1, 0.75236
2, 0.22087
3, 0.02033
4, 0.00644
