opt, freq
1, 0.90423
2, 0.06707
3, 0.02691
4, 0.00179
