opt, freq
1, 0.63808
2, 0.33532
3, 0.017
4, 0.0096
