opt, freq
1, 0.06167
3, 0.93833
