opt, freq
1, 0.31076
2, 0.07405
3, 0.49675
4, 0.11844
