opt, freq
1, 0.30286
3, 0.69714
