opt, freq
1, 0.51606
2, 0.27424
3, 0.13754
4, 0.07216
