opt, freq
1, 0.14198
2, 0.06331
3, 0.54877
4, 0.24594
