opt, freq
1, 0.15071
2, 0.07514
3, 0.51719
4, 0.25696
