opt, freq
1, 0.03108
2, 0.3787
3, 0.04481
4, 0.54541
