opt, freq
1, 0.12317
2, 0.77079
3, 0.01412
4, 0.09192
