opt, freq
1, 0.01688
2, 0.06923
3, 0.17906
4, 0.73483
