opt, freq
1, 0.02915
2, 0.22145
3, 0.08742
4, 0.66198
