opt, freq
1, 0.02202
2, 0.0845
3, 0.18692
4, 0.70656
