opt, freq
1, 0.86647
2, 0.06387
3, 0.06505
4, 0.00461
