opt, freq
1, 0.62647
2, 0.20587
3, 0.12632
4, 0.04134
