opt, freq
1, 0.01977
2, 0.34885
3, 0.03533
4, 0.59605
