opt, freq
1, 0.25848
2, 0.16772
3, 0.34961
4, 0.22419
