opt, freq
1, 0.0052
2, 0.02136
3, 0.16773
4, 0.80571
