opt, freq
1, 0.03876
2, 0.63395
3, 0.01906
4, 0.30823
