opt, freq
1, 0.01611
2, 0.1521
3, 0.07836
4, 0.75343
