opt, freq
1, 0.05012
2, 0.03614
3, 0.53804
4, 0.3757
