opt, freq
1, 0.02315
2, 0.58864
3, 0.01456
4, 0.37365
