opt, freq
1, 0.59808
2, 0.31428
3, 0.05744
4, 0.0302
