opt, freq
1, 0.81249
2, 0.0983
3, 0.07933
4, 0.00988
