opt, freq
1, 0.34159
2, 0.45178
3, 0.08872
4, 0.11791
