opt, freq
1, 0.1788
2, 0.81707
3, 0.00015
4, 0.00398
