opt, freq
1, 0.0822
2, 0.26501
3, 0.15393
4, 0.49886
