opt, freq
1, 0.06163
2, 0.14598
3, 0.23352
4, 0.55887
