opt, freq
1, 0.0375
2, 0.29038
3, 0.07873
4, 0.59339
