opt, freq
1, 0.36893
2, 0.23828
3, 0.23645
4, 0.15634
