opt, freq
1, 0.37021
2, 0.05606
3, 0.49945
4, 0.07428
