opt, freq
1, 0.10936
2, 0.07766
3, 0.48152
4, 0.33146
