opt, freq
1, 0.13565
2, 0.19411
3, 0.27541
4, 0.39483
