opt, freq
1, 0.00527
2, 0.0204
3, 0.18965
4, 0.78468
