opt, freq
1, 0.39029
2, 0.11838
3, 0.37984
4, 0.11149
