opt, freq
1, 0.31933
2, 0.57372
3, 0.03718
4, 0.06977
