opt, freq
1, 0.20239
2, 0.71313
3, 0.01778
4, 0.0667
