opt, freq
1, 0.73645
2, 0.07266
3, 0.17436
4, 0.01653
