opt, freq
1, 0.58749
2, 0.12231
3, 0.24128
4, 0.04892
