opt, freq
1, 0.46144
2, 0.43333
3, 0.05417
4, 0.05106
