opt, freq
1, 0.2163
2, 0.19329
3, 0.31435
4, 0.27606
