opt, freq
1, 0.14858
2, 0.01539
3, 0.75837
4, 0.07766
