opt, freq
1, 0.02262
2, 0.1221
3, 0.13171
4, 0.72357
