opt, freq
1, 0.07472
2, 0.05196
3, 0.5162
4, 0.35712
