opt, freq
1, 0.5233
2, 0.39035
3, 0.04831
4, 0.03804
