opt, freq
1, 0.01057
2, 0.0152
3, 0.36098
4, 0.61325
