opt, freq
1, 0.00192
2, 0.00184
3, 0.68454
4, 0.3117
