opt, freq
1, 0.01169
2, 0.01282
3, 0.45835
4, 0.51714
