opt, freq
1, 0.38889
2, 0.46495
3, 0.06582
4, 0.08034
