opt, freq
1, 0.56539
2, 0.20601
3, 0.1667
4, 0.0619
