opt, freq
1, 0.34081
2, 0.5134
3, 0.05645
4, 0.08934
