opt, freq
1, 0.86534
2, 0.02622
3, 0.10514
4, 0.0033
