opt, freq
1, 0.47274
2, 0.43988
3, 0.04452
4, 0.04286
