opt, freq
1, 0.0575
2, 0.53569
3, 0.04032
4, 0.36649
