opt, freq
1, 0.47322
2, 0.0974
3, 0.35607
4, 0.07331
