opt, freq
1, 0.58407
2, 0.02022
3, 0.38415
4, 0.01156
