opt, freq
1, 0.15161
2, 0.21509
3, 0.26195
4, 0.37135
