opt, freq
1, 0.65006
2, 0.09793
3, 0.21888
4, 0.03313
