opt, freq
1, 0.82251
2, 0.0851
3, 0.08375
4, 0.00864
