opt, freq
1, 0.33602
2, 0.0512
3, 0.5334
4, 0.07938
