opt, freq
1, 0.1492
2, 0.68503
3, 0.02955
4, 0.13622
