opt, freq
2, 0.00397
3, 0.66441
4, 0.33162
