opt, freq
1, 0.45061
2, 0.03581
3, 0.47765
4, 0.03593
