opt, freq
1, 0.38359
2, 0.24524
3, 0.2274
4, 0.14377
