opt, freq
1, 0.38561
2, 0.03918
3, 0.52437
4, 0.05084
