opt, freq
1, 0.11132
2, 0.29559
3, 0.16284
4, 0.43025
