opt, freq
1, 0.27495
2, 0.45804
3, 0.10071
4, 0.1663
