opt, freq
1, 0.10987
2, 0.23823
3, 0.20283
4, 0.44907
