opt, freq
1, 0.50807
2, 0.4075
3, 0.04735
4, 0.03708
