opt, freq
1, 0.30752
2, 0.18076
3, 0.32375
4, 0.18797
