opt, freq
1, 0.03409
2, 0.55608
3, 0.02458
4, 0.38525
