opt, freq
1, 0.32856
2, 0.07872
3, 0.47996
4, 0.11276
