opt, freq
1, 0.31453
2, 0.23639
3, 0.25696
4, 0.19212
