opt, freq
1, 0.26658
2, 0.32287
3, 0.18595
4, 0.2246
