opt, freq
1, 0.81185
2, 0.11989
3, 0.05938
4, 0.00888
