opt, freq
1, 0.09344
2, 0.0318
3, 0.6555
4, 0.21926
