opt, freq
1, 0.04097
2, 0.04459
3, 0.43034
4, 0.4841
