opt, freq
1, 0.10442
2, 0.34528
3, 0.13082
4, 0.41948
