opt, freq
1, 0.01902
2, 0.00361
3, 0.82883
4, 0.14854
