opt, freq
1, 0.50605
3, 0.49395
