opt, freq
1, 0.76984
2, 0.05709
3, 0.16101
4, 0.01206
