opt, freq
2, 0.00237
3, 0.88455
4, 0.11308
