opt, freq
1, 0.19501
2, 0.0315
3, 0.6718
4, 0.10169
