opt, freq
1, 0.70417
2, 0.12567
3, 0.14515
4, 0.02501
