opt, freq
1, 0.01543
2, 0.77739
3, 0.00379
4, 0.20339
