opt, freq
1, 0.42345
2, 0.02325
3, 0.52409
4, 0.02921
