opt, freq
1, 0.20917
2, 0.03901
3, 0.63748
4, 0.11434
