opt, freq
1, 0.23416
2, 0.17701
3, 0.33872
4, 0.25011
