opt, freq
1, 0.23357
2, 0.03097
3, 0.65388
4, 0.08158
