opt, freq
1, 0.15087
2, 0.78448
3, 0.00929
4, 0.05536
