opt, freq
1, 0.09224
2, 0.01219
3, 0.79364
4, 0.10193
