opt, freq
2, 0.00448
3, 0.528
4, 0.46752
