opt, freq
1, 0.07423
2, 0.27243
3, 0.14034
4, 0.513
