opt, freq
1, 0.12512
2, 0.28052
3, 0.18135
4, 0.41301
