opt, freq
1, 0.43071
2, 0.40249
3, 0.0858
4, 0.081
