opt, freq
1, 0.02503
2, 0.30695
3, 0.05144
4, 0.61658
