opt, freq
1, 0.20055
2, 0.06618
3, 0.54937
4, 0.1839
