opt, freq
1, 0.40803
2, 0.09704
3, 0.39902
4, 0.09591
