opt, freq
1, 0.14274
2, 0.50827
3, 0.07558
4, 0.27341
