opt, freq
1, 0.51158
2, 0.32109
3, 0.10203
4, 0.0653
