opt, freq
1, 0.12668
2, 0.01664
3, 0.75949
4, 0.09719
