opt, freq
1, 0.45836
2, 0.02671
3, 0.48881
4, 0.02612
