opt, freq
1, 0.13686
2, 0.83867
3, 0.00296
4, 0.02151
