opt, freq
1, 0.15156
2, 0.05195
3, 0.59609
4, 0.2004
