opt, freq
1, 0.4389
2, 0.27465
3, 0.177
4, 0.10945
