opt, freq
1, 0.01735
2, 0.12981
3, 0.0988
4, 0.75404
