opt, freq
1, 0.21475
2, 0.2584
3, 0.23877
4, 0.28808
