opt, freq
1, 0.22232
2, 0.24786
3, 0.24779
4, 0.28203
