opt, freq
1, 0.06678
2, 0.36305
3, 0.08886
4, 0.48131
