opt, freq
1, 0.01531
2, 0.19395
3, 0.06024
4, 0.7305
