opt, freq
1, 0.33813
2, 0.00525
3, 0.64916
4, 0.00746
