opt, freq
1, 0.56605
2, 0.38717
3, 0.02724
4, 0.01954
