opt, freq
1, 0.0715
2, 0.29916
3, 0.12156
4, 0.50778
