opt, freq
1, 0.12903
2, 0.68557
3, 0.0288
4, 0.1566
