opt, freq
1, 0.1717
2, 0.6227
3, 0.04411
4, 0.16149
