opt, freq
1, 0.63885
2, 0.1152
3, 0.20948
4, 0.03647
