opt, freq
1, 0.73345
2, 0.26655
