opt, freq
1, 0.19963
2, 0.80037
