opt, freq
1, 0.39226
2, 0.17541
3, 0.29884
4, 0.13349
