opt, freq
1, 0.38767
2, 0.36729
3, 0.12638
4, 0.11866
