opt, freq
1, 0.59905
2, 0.08962
3, 0.27156
4, 0.03977
