opt, freq
1, 0.04868
2, 0.20108
3, 0.14574
4, 0.6045
