opt, freq
1, 0.0279
2, 0.01596
3, 0.60059
4, 0.35555
