opt, freq
1, 0.16234
2, 0.22891
3, 0.25077
4, 0.35798
