opt, freq
2, 0.00408
3, 0.64498
4, 0.35094
