opt, freq
1, 0.23397
2, 0.00856
3, 0.73276
4, 0.02471
