opt, freq
1, 0.23082
2, 0.54421
3, 0.06447
4, 0.1605
