opt, freq
1, 0.0075
2, 0.05838
3, 0.10579
4, 0.82833
