opt, freq
1, 0.32721
2, 0.54623
3, 0.04633
4, 0.08023
