opt, freq
1, 0.24159
2, 0.16625
3, 0.35025
4, 0.24191
