opt, freq
1, 0.28588
2, 0.6693
3, 0.01305
4, 0.03177
