opt, freq
1, 0.1444
2, 0.05886
3, 0.56803
4, 0.22871
