opt, freq
1, 0.00667
2, 0.4222
3, 0.01072
4, 0.56041
