opt, freq
1, 0.0909
2, 0.2603
3, 0.16606
4, 0.48274
