opt, freq
1, 0.08526
2, 0.10099
3, 0.36679
4, 0.44696
