opt, freq
1, 0.10968
2, 0.19953
3, 0.24249
4, 0.4483
