opt, freq
1, 0.1047
2, 0.38494
3, 0.10817
4, 0.40219
