opt, freq
1, 0.36653
2, 0.34589
3, 0.14697
4, 0.14061
