opt, freq
1, 0.38572
2, 0.20641
3, 0.26526
4, 0.14261
