opt, freq
1, 0.02
2, 0.51339
3, 0.01755
4, 0.44906
