opt, freq
1, 0.11628
2, 0.21206
3, 0.23773
4, 0.43393
