opt, freq
1, 0.10093
2, 0.5505
3, 0.05396
4, 0.29461
