opt, freq
1, 0.11135
2, 0.68212
3, 0.02836
4, 0.17817
