opt, freq
1, 0.19294
2, 0.05189
3, 0.59685
4, 0.15832
