opt, freq
1, 0.05842
2, 0.00363
3, 0.88796
4, 0.04999
