opt, freq
1, 0.06499
2, 0.08015
3, 0.38529
4, 0.46957
