opt, freq
1, 0.00848
2, 0.1003
3, 0.06731
4, 0.82391
