opt, freq
1, 0.00087
2, 0.00086
3, 0.92553
4, 0.07274
