opt, freq
1, 0.29676
2, 0.06965
3, 0.51314
4, 0.12045
