opt, freq
1, 0.07718
2, 0.06942
3, 0.45206
4, 0.40134
