opt, freq
1, 0.77479
2, 0.07748
3, 0.13423
4, 0.0135
