opt, freq
1, 0.17388
2, 0.19527
3, 0.29849
4, 0.33236
