opt, freq
1, 0.10585
2, 0.64816
3, 0.03387
4, 0.21212
