opt, freq
1, 0.2041
2, 0.0169
3, 0.72303
4, 0.05597
