opt, freq
1, 0.52314
2, 0.45118
3, 0.01298
4, 0.0127
