opt, freq
1, 0.18303
2, 0.01943
3, 0.72187
4, 0.07567
