opt, freq
1, 0.12894
2, 0.24109
3, 0.22337
4, 0.4066
