opt, freq
1, 0.1679
2, 0.05743
3, 0.58062
4, 0.19405
