opt, freq
1, 0.01418
2, 0.17193
3, 0.06219
4, 0.7517
