opt, freq
1, 0.26028
2, 0.26737
3, 0.2333
4, 0.23905
