opt, freq
1, 0.65913
2, 0.21308
3, 0.09616
4, 0.03163
