opt, freq
1, 0.25038
2, 0.25787
3, 0.24199
4, 0.24976
