opt, freq
1, 0.10184
2, 0.75085
3, 0.01742
4, 0.12989
