opt, freq
1, 0.07818
2, 0.0887
3, 0.39165
4, 0.44147
