opt, freq
1, 0.11995
2, 0.0251
3, 0.70698
4, 0.14797
