opt, freq
1, 0.01691
2, 0.28982
3, 0.04
4, 0.65327
