opt, freq
1, 0.48284
2, 0.49076
3, 0.01271
4, 0.01369
