opt, freq
1, 0.1501
2, 0.05644
3, 0.57926
4, 0.2142
