opt, freq
1, 0.32603
2, 0.26529
3, 0.22646
4, 0.18222
