opt, freq
1, 0.02214
2, 0.97786
