opt, freq
1, 0.12804
2, 0.52317
3, 0.06976
4, 0.27903
