opt, freq
1, 0.18929
2, 0.1779
3, 0.32417
4, 0.30864
