opt, freq
1, 0.59145
2, 0.26255
3, 0.10137
4, 0.04463
