opt, freq
1, 0.51665
2, 0.0515
3, 0.39291
4, 0.03894
