opt, freq
1, 0.5961
2, 0.03329
3, 0.35192
4, 0.01869
