opt, freq
1, 0.20769
2, 0.32162
3, 0.18657
4, 0.28412
