opt, freq
1, 0.06012
2, 0.32835
3, 0.09499
4, 0.51654
