opt, freq
1, 0.19148
2, 0.41729
3, 0.1236
4, 0.26763
