opt, freq
1, 0.35966
2, 0.1079
3, 0.40933
4, 0.12311
