opt, freq
1, 0.13145
2, 0.47955
3, 0.0832
4, 0.3058
