opt, freq
1, 0.17327
2, 0.09408
3, 0.47794
4, 0.25471
