opt, freq
1, 0.4402
2, 0.06691
3, 0.42902
4, 0.06387
