opt, freq
1, 0.33802
2, 0.66198
