opt, freq
1, 0.13949
2, 0.41177
3, 0.11366
4, 0.33508
