opt, freq
1, 0.0211
2, 0.02478
3, 0.4284
4, 0.52572
