opt, freq
1, 0.61347
2, 0.32046
3, 0.04297
4, 0.0231
