opt, freq
1, 0.0346
2, 0.00822
3, 0.77605
4, 0.18113
