opt, freq
1, 0.07531
2, 0.41621
3, 0.08064
4, 0.42784
