opt, freq
1, 0.06064
2, 0.28961
3, 0.11288
4, 0.53687
