opt, freq
1, 0.15314
2, 0.01268
3, 0.77338
4, 0.0608
