opt, freq
1, 0.23227
2, 0.23793
3, 0.26151
4, 0.26829
