opt, freq
1, 0.12384
2, 0.18035
3, 0.28205
4, 0.41376
