opt, freq
1, 0.20645
2, 0.10139
3, 0.4622
4, 0.22996
