opt, freq
1, 0.03168
2, 0.78139
3, 0.0076
4, 0.17933
