opt, freq
1, 0.0888
2, 0.01414
3, 0.77753
4, 0.11953
