opt, freq
1, 0.0175
2, 0.46856
3, 0.01971
4, 0.49423
