opt, freq
1, 0.55917
2, 0.41458
3, 0.01451
4, 0.01174
