opt, freq
1, 0.34849
2, 0.48707
3, 0.06865
4, 0.09579
