opt, freq
1, 0.19329
2, 0.21297
3, 0.28064
4, 0.3131
