opt, freq
1, 0.14531
2, 0.38742
3, 0.12771
4, 0.33956
