opt, freq
1, 0.08614
2, 0.06108
3, 0.50504
4, 0.34774
