opt, freq
1, 0.1628
2, 0.16673
3, 0.33013
4, 0.34034
