opt, freq
1, 0.18761
2, 0.03494
3, 0.65852
4, 0.11893
