opt, freq
1, 0.06522
2, 0.1431
3, 0.24761
4, 0.54407
