opt, freq
1, 0.03381
2, 0.11133
3, 0.20075
4, 0.65411
