opt, freq
1, 0.68696
2, 0.02233
3, 0.28195
4, 0.00876
