opt, freq
1, 0.30222
2, 0.42948
3, 0.1106
4, 0.1577
