opt, freq
1, 0.10504
2, 0.01977
3, 0.74236
4, 0.13283
