opt, freq
1, 0.07209
2, 0.05401
3, 0.49955
4, 0.37435
