opt, freq
1, 0.19187
2, 0.71574
3, 0.0191
4, 0.07329
