opt, freq
1, 0.04913
2, 0.31916
3, 0.08494
4, 0.54677
