opt, freq
1, 0.13598
2, 0.00771
3, 0.81253
4, 0.04378
