opt, freq
1, 0.19522
2, 0.08936
3, 0.49278
4, 0.22264
