opt, freq
1, 0.56101
2, 0.35157
3, 0.05376
4, 0.03366
