opt, freq
1, 0.28567
2, 0.11942
3, 0.42114
4, 0.17377
