opt, freq
1, 0.18533
2, 0.2248
3, 0.2655
4, 0.32437
