opt, freq
1, 0.02001
2, 0.93575
3, 0.00089
4, 0.04335
