opt, freq
1, 0.3743
2, 0.41912
3, 0.09774
4, 0.10884
