opt, freq
1, 0.06092
2, 0.71238
3, 0.01718
4, 0.20952
