opt, freq
1, 0.34497
2, 0.38581
3, 0.12614
4, 0.14308
