opt, freq
1, 0.19317
2, 0.70069
3, 0.02275
4, 0.08339
