opt, freq
1, 0.18534
2, 0.28316
3, 0.20761
4, 0.32389
