opt, freq
1, 0.26003
2, 0.61613
3, 0.03631
4, 0.08753
