opt, freq
1, 0.22427
2, 0.06127
3, 0.56383
4, 0.15063
