opt, freq
1, 0.36136
2, 0.00514
3, 0.62646
4, 0.00704
