opt, freq
1, 0.02101
2, 0.00046
3, 0.96496
4, 0.01357
