opt, freq
1, 0.01677
2, 0.27553
3, 0.04049
4, 0.66721
