opt, freq
1, 0.16835
2, 0.68585
3, 0.02765
4, 0.11815
