opt, freq
1, 0.52222
2, 0.22805
3, 0.17195
4, 0.07778
