opt, freq
1, 0.08811
2, 0.66478
3, 0.02845
4, 0.21866
