opt, freq
1, 0.17985
2, 0.82015
