opt, freq
1, 0.06796
2, 0.52347
3, 0.04768
4, 0.36089
