opt, freq
1, 0.10009
2, 0.00163
3, 0.88607
4, 0.01221
