opt, freq
1, 0.04247
2, 0.22743
3, 0.11372
4, 0.61638
