opt, freq
1, 0.48912
2, 0.26271
3, 0.1609
4, 0.08727
