opt, freq
1, 0.17438
2, 0.11322
3, 0.43631
4, 0.27609
