opt, freq
1, 0.12254
2, 0.22584
3, 0.23188
4, 0.41974
