opt, freq
1, 0.07124
2, 0.07464
3, 0.42036
4, 0.43376
