opt, freq
1, 0.54254
3, 0.45746
