opt, freq
1, 0.1829
2, 0.06309
3, 0.56355
4, 0.19046
