opt, freq
1, 0.5608
2, 0.13145
3, 0.2505
4, 0.05725
