opt, freq
1, 0.31453
2, 0.51869
3, 0.06133
4, 0.10545
