opt, freq
1, 0.06685
2, 0.50763
3, 0.05029
4, 0.37523
