opt, freq
1, 0.09304
2, 0.13463
3, 0.31655
4, 0.45578
