opt, freq
1, 0.30449
2, 0.24666
3, 0.24687
4, 0.20198
