opt, freq
1, 0.16109
2, 0.27032
3, 0.2128
4, 0.35579
