opt, freq
1, 0.08653
2, 0.07816
3, 0.444
4, 0.39131
