opt, freq
1, 0.26185
2, 0.67416
3, 0.0172
4, 0.04679
