opt, freq
1, 0.19844
2, 0.19042
3, 0.31309
4, 0.29805
