opt, freq
1, 0.08416
2, 0.77093
3, 0.01479
4, 0.13012
