opt, freq
1, 0.12656
2, 0.48022
3, 0.08306
4, 0.31016
