opt, freq
1, 0.01161
2, 0.64188
3, 0.00682
4, 0.33969
