opt, freq
1, 0.43037
2, 0.32122
3, 0.1418
4, 0.10661
