opt, freq
1, 0.36245
2, 0.16444
3, 0.32652
4, 0.14659
