opt, freq
1, 0.13302
2, 0.07262
3, 0.51643
4, 0.27793
