opt, freq
1, 0.24247
2, 0.22736
3, 0.27334
4, 0.25683
