opt, freq
1, 0.15849
2, 0.41272
3, 0.11769
4, 0.3111
