opt, freq
1, 0.12072
2, 0.15
3, 0.32895
4, 0.40033
