opt, freq
1, 0.625
2, 0.14497
3, 0.1858
4, 0.04423
