opt, freq
1, 0.01187
2, 0.21944
3, 0.04278
4, 0.72591
