opt, freq
1, 0.71872
2, 0.00832
3, 0.27027
4, 0.00269
