opt, freq
1, 0.24088
2, 0.47273
3, 0.09624
4, 0.19015
