opt, freq
1, 0.15299
2, 0.50011
3, 0.0809
4, 0.266
