opt, freq
1, 0.21347
2, 0.46191
3, 0.10097
4, 0.22365
