opt, freq
1, 0.0478
2, 0.36461
3, 0.06821
4, 0.51938
