opt, freq
1, 0.07794
2, 0.00501
3, 0.86836
4, 0.04869
