opt, freq
1, 0.05232
2, 0.00945
3, 0.79495
4, 0.14328
