opt, freq
1, 0.0602
2, 0.04487
3, 0.50753
4, 0.3874
