opt, freq
1, 0.19601
2, 0.00775
3, 0.77099
4, 0.02525
