opt, freq
1, 0.69128
2, 0.17977
3, 0.10182
4, 0.02713
