opt, freq
1, 0.43171
2, 0.17662
3, 0.27848
4, 0.11319
