opt, freq
1, 0.51148
2, 0.11971
3, 0.2993
4, 0.06951
