opt, freq
1, 0.32585
2, 0.12086
3, 0.40417
4, 0.14912
