opt, freq
1, 0.01776
2, 0.04961
3, 0.23551
4, 0.69712
