opt, freq
1, 0.18381
2, 0.73266
3, 0.0166
4, 0.06693
