opt, freq
1, 0.73076
2, 0.07623
3, 0.17428
4, 0.01873
