opt, freq
1, 0.12326
2, 0.50885
3, 0.07291
4, 0.29498
