opt, freq
1, 0.2778
2, 0.06915
3, 0.52674
4, 0.12631
