opt, freq
1, 0.09785
2, 0.14887
3, 0.29647
4, 0.45681
