opt, freq
1, 0.25241
2, 0.11472
3, 0.43914
4, 0.19373
