opt, freq
1, 0.2405
2, 0.57158
3, 0.05541
4, 0.13251
