opt, freq
1, 0.74079
2, 0.12903
3, 0.11049
4, 0.01969
