opt, freq
1, 0.14132
2, 0.14718
3, 0.34948
4, 0.36202
