opt, freq
1, 0.99028
3, 0.00972
