opt, freq
1, 0.63648
2, 0.25566
3, 0.07632
4, 0.03154
