opt, freq
1, 0.16658
2, 0.27917
3, 0.20892
4, 0.34533
