opt, freq
1, 0.0993
2, 0.35315
3, 0.11809
4, 0.42946
