opt, freq
1, 0.46961
2, 0.13971
3, 0.29969
4, 0.09099
