opt, freq
1, 0.17353
2, 0.01043
3, 0.77389
4, 0.04215
