opt, freq
1, 0.43733
2, 0.47861
3, 0.03953
4, 0.04453
