opt, freq
1, 0.88357
2, 0.02681
3, 0.08691
4, 0.00271
