opt, freq
1, 0.18536
2, 0.48712
3, 0.09015
4, 0.23737
