opt, freq
1, 0.24955
2, 0.38159
3, 0.14468
4, 0.22418
