opt, freq
2, 0.00334
3, 0.76306
4, 0.2336
