opt, freq
1, 0.03884
2, 0.0043
3, 0.86757
4, 0.08929
