opt, freq
1, 0.15966
2, 0.84034
