opt, freq
1, 0.32386
3, 0.67614
