opt, freq
1, 0.16773
2, 0.09948
3, 0.46183
4, 0.27096
