opt, freq
1, 0.28608
2, 0.445
3, 0.10459
4, 0.16433
