opt, freq
1, 0.0558
2, 0.03046
3, 0.59384
4, 0.3199
