opt, freq
1, 0.21332
2, 0.50112
3, 0.08406
4, 0.2015
