opt, freq
1, 0.13721
2, 0.27518
3, 0.19667
4, 0.39094
