opt, freq
1, 0.36518
2, 0.46915
3, 0.07184
4, 0.09383
