opt, freq
1, 0.23048
2, 0.38058
3, 0.14649
4, 0.24245
