opt, freq
1, 0.14749
2, 0.13955
3, 0.36413
4, 0.34883
