opt, freq
1, 0.43817
2, 0.37473
3, 0.1005
4, 0.0866
