opt, freq
1, 0.38288
2, 0.45323
3, 0.07476
4, 0.08913
