opt, freq
1, 0.03774
2, 0.35275
3, 0.05741
4, 0.5521
