opt, freq
1, 0.21269
2, 0.01267
3, 0.73378
4, 0.04086
