opt, freq
1, 0.41757
2, 0.57782
3, 0.00134
4, 0.00327
