opt, freq
1, 0.00234
2, 0.00229
3, 0.54575
4, 0.44962
