opt, freq
1, 0.51775
2, 0.03007
3, 0.42907
4, 0.02311
