opt, freq
1, 0.29599
2, 0.11149
3, 0.43195
4, 0.16057
