opt, freq
1, 0.16281
2, 0.32939
3, 0.16959
4, 0.33821
