opt, freq
1, 0.19615
2, 0.02573
3, 0.69189
4, 0.08623
