opt, freq
1, 0.63515
2, 0.0342
3, 0.3146
4, 0.01605
