opt, freq
1, 0.0616
2, 0.73348
3, 0.0162
4, 0.18872
