opt, freq
1, 0.31938
2, 0.02558
3, 0.60891
4, 0.04613
