opt, freq
1, 0.3137
2, 0.37854
3, 0.13914
4, 0.16862
