opt, freq
1, 0.01744
2, 0.02815
3, 0.35641
4, 0.598
