opt, freq
1, 0.203
2, 0.04298
3, 0.62426
4, 0.12976
