opt, freq
1, 0.02831
2, 0.7235
3, 0.00923
4, 0.23896
