opt, freq
1, 0.0249
2, 0.32097
3, 0.05168
4, 0.60245
