opt, freq
1, 0.17479
2, 0.00679
3, 0.79138
4, 0.02704
