opt, freq
1, 0.44184
2, 0.00651
3, 0.54538
4, 0.00627
