opt, freq
1, 0.36938
2, 0.09778
3, 0.42166
4, 0.11118
