opt, freq
1, 0.15168
2, 0.11547
3, 0.41797
4, 0.31488
