opt, freq
1, 0.08461
2, 0.44766
3, 0.07431
4, 0.39342
