opt, freq
1, 0.04154
2, 0.39028
3, 0.05557
4, 0.51261
