opt, freq
1, 0.01073
2, 0.01476
3, 0.38063
4, 0.59388
