opt, freq
1, 0.35068
2, 0.28204
3, 0.20288
4, 0.1644
