opt, freq
1, 0.09447
2, 0.8608
3, 0.00376
4, 0.04097
