opt, freq
1, 0.01385
2, 0.13193
3, 0.08302
4, 0.7712
