opt, freq
1, 0.14926
2, 0.09534
3, 0.46109
4, 0.29431
