opt, freq
1, 0.67797
2, 0.05283
3, 0.25011
4, 0.01909
