opt, freq
1, 0.02006
2, 0.33164
3, 0.03764
4, 0.61066
