opt, freq
1, 0.16741
2, 0.48653
3, 0.08887
4, 0.25719
