opt, freq
1, 0.57061
2, 0.13555
3, 0.23695
4, 0.05689
