opt, freq
1, 0.22796
2, 0.32607
3, 0.18343
4, 0.26254
