opt, freq
1, 0.2134
2, 0.6822
3, 0.02399
4, 0.08041
