opt, freq
1, 0.06963
2, 0.1977
3, 0.18623
4, 0.54644
