opt, freq
1, 0.77568
2, 0.09495
3, 0.11549
4, 0.01388
