opt, freq
1, 0.00317
2, 0.02295
3, 0.11021
4, 0.86367
