opt, freq
1, 0.04037
2, 0.1615
3, 0.16141
4, 0.63672
