opt, freq
1, 0.26938
2, 0.01594
3, 0.6776
4, 0.03708
