opt, freq
1, 0.00334
2, 0.00315
3, 0.13151
4, 0.862
