opt, freq
1, 0.20491
2, 0.40845
3, 0.12696
4, 0.25968
