opt, freq
1, 0.24742
2, 0.03799
3, 0.61922
4, 0.09537
