opt, freq
1, 0.12789
2, 0.281
3, 0.1855
4, 0.40561
