opt, freq
1, 0.01601
2, 0.0084
3, 0.63332
4, 0.34227
