opt, freq
1, 0.32964
2, 0.17898
3, 0.32105
4, 0.17033
