opt, freq
1, 0.66724
2, 0.02162
3, 0.30122
4, 0.00992
