opt, freq
1, 0.03154
2, 0.03429
3, 0.44023
4, 0.49394
