opt, freq
1, 0.26
2, 0.29186
3, 0.21103
4, 0.23711
