opt, freq
1, 0.11406
2, 0.8415
3, 0.00502
4, 0.03942
