opt, freq
1, 0.1635
2, 0.14535
3, 0.36846
4, 0.32269
