opt, freq
1, 0.48613
2, 0.38846
3, 0.06874
4, 0.05667
