opt, freq
1, 0.1924
2, 0.61893
3, 0.04375
4, 0.14492
