opt, freq
1, 0.33734
2, 0.02696
3, 0.59049
4, 0.04521
