opt, freq
1, 0.6122
2, 0.20087
3, 0.13952
4, 0.04741
