opt, freq
1, 0.05552
2, 0.07333
3, 0.37418
4, 0.49697
