opt, freq
1, 0.36681
3, 0.63319
