opt, freq
1, 0.35671
2, 0.17623
3, 0.31326
4, 0.1538
