opt, freq
1, 0.25243
2, 0.7234
3, 0.00566
4, 0.01851
