opt, freq
1, 0.28817
2, 0.03795
3, 0.59906
4, 0.07482
