opt, freq
1, 0.00989
2, 0.58238
3, 0.0079
4, 0.39983
