opt, freq
1, 0.96264
2, 0.02828
3, 0.00875
4, 0.00033
