opt, freq
1, 0.1671
2, 0.01719
3, 0.74139
4, 0.07432
