opt, freq
1, 0.65089
2, 0.26198
3, 0.06219
4, 0.02494
