opt, freq
1, 0.32496
2, 0.07943
3, 0.4784
4, 0.11721
