opt, freq
1, 0.08683
2, 0.54499
3, 0.05079
4, 0.31739
