opt, freq
1, 0.01949
2, 0.10877
3, 0.13493
4, 0.73681
