opt, freq
1, 0.50319
2, 0.10311
3, 0.32826
4, 0.06544
