opt, freq
1, 0.02335
2, 0.08455
3, 0.18904
4, 0.70306
