opt, freq
1, 0.25679
2, 0.19288
3, 0.3152
4, 0.23513
