opt, freq
1, 0.03289
2, 0.53861
3, 0.02503
4, 0.40347
