opt, freq
1, 0.04339
2, 0.06383
3, 0.35082
4, 0.54196
