opt, freq
1, 0.12231
2, 0.65166
3, 0.03563
4, 0.1904
