opt, freq
1, 0.15112
2, 0.54144
3, 0.06613
4, 0.24131
