opt, freq
1, 0.0365
2, 0.00618
3, 0.83003
4, 0.12729
