opt, freq
1, 0.6177
2, 0.27414
3, 0.07482
4, 0.03334
