opt, freq
1, 0.32227
2, 0.18727
3, 0.30754
4, 0.18292
