opt, freq
1, 0.48381
2, 0.12872
3, 0.30586
4, 0.08161
