opt, freq
1, 0.38862
2, 0.34108
3, 0.1434
4, 0.1269
