opt, freq
1, 0.40514
2, 0.56926
3, 0.00958
4, 0.01602
