opt, freq
1, 0.6139
2, 0.38035
3, 0.00313
4, 0.00262
