opt, freq
1, 0.3415
2, 0.41401
3, 0.10998
4, 0.13451
