opt, freq
1, 0.375
2, 0.25677
3, 0.21851
4, 0.14972
