opt, freq
1, 0.25509
2, 0.33573
3, 0.17741
4, 0.23177
