opt, freq
1, 0.5608
2, 0.16924
3, 0.20721
4, 0.06275
