opt, freq
1, 0.01933
2, 0.00279
3, 0.84829
4, 0.12959
