opt, freq
1, 0.53484
2, 0.25832
3, 0.13805
4, 0.06879
