opt, freq
1, 0.06365
2, 0.48906
3, 0.05153
4, 0.39576
