opt, freq
1, 0.63788
2, 0.00789
3, 0.35035
4, 0.00388
