opt, freq
1, 0.10206
2, 0.26588
3, 0.17113
4, 0.46093
