opt, freq
1, 0.01277
2, 0.70023
3, 0.00549
4, 0.28151
