opt, freq
1, 0.6278
2, 0.30557
3, 0.04435
4, 0.02228
