opt, freq
1, 0.01932
2, 0.0028
3, 0.86791
4, 0.10997
