opt, freq
1, 0.02678
2, 0.0392
3, 0.36525
4, 0.56877
