opt, freq
1, 0.03924
2, 0.9358
3, 0.00088
4, 0.02408
