opt, freq
1, 0.02454
2, 0.18409
3, 0.09173
4, 0.69964
