opt, freq
1, 0.04137
2, 0.16097
3, 0.16117
4, 0.63649
