opt, freq
1, 0.21937
2, 0.0221
3, 0.6889
4, 0.06963
