opt, freq
1, 0.02222
2, 0.14488
3, 0.11425
4, 0.71865
