opt, freq
1, 0.15752
2, 0.28858
3, 0.19265
4, 0.36125
