opt, freq
1, 0.44016
2, 0.35267
3, 0.1149
4, 0.09227
