opt, freq
1, 0.00515
2, 0.06093
3, 0.07244
4, 0.86148
