opt, freq
1, 0.14568
2, 0.20232
3, 0.26875
4, 0.38325
