opt, freq
1, 0.03719
2, 0.04934
3, 0.39384
4, 0.51963
