opt, freq
1, 0.46362
2, 0.24887
3, 0.18697
4, 0.10054
