opt, freq
1, 0.92356
2, 0.02742
3, 0.04749
4, 0.00153
