opt, freq
1, 0.08375
2, 0.24345
3, 0.17104
4, 0.50176
