opt, freq
1, 0.28984
2, 0.23615
3, 0.26116
4, 0.21285
