opt, freq
1, 0.3594
2, 0.59541
3, 0.01631
4, 0.02888
