opt, freq
1, 0.45759
2, 0.39542
3, 0.07666
4, 0.07033
