opt, freq
1, 0.54346
2, 0.37126
3, 0.05021
4, 0.03507
