opt, freq
1, 0.53476
2, 0.19674
3, 0.19629
4, 0.07221
