opt, freq
2, 0.00294
3, 0.80654
4, 0.19052
