opt, freq
1, 0.03163
2, 0.01287
3, 0.67702
4, 0.27848
