opt, freq
1, 0.65378
2, 0.11596
3, 0.19625
4, 0.03401
