opt, freq
1, 0.19952
2, 0.43222
3, 0.11611
4, 0.25215
