opt, freq
1, 0.00614
2, 0.0395
3, 0.12777
4, 0.82659
