opt, freq
1, 0.31156
2, 0.32106
3, 0.17985
4, 0.18753
