opt, freq
1, 0.16891
2, 0.4006
3, 0.12545
4, 0.30504
