opt, freq
1, 0.21639
2, 0.17277
3, 0.33944
4, 0.2714
