opt, freq
1, 0.55327
2, 0.31996
3, 0.07911
4, 0.04766
