opt, freq
1, 0.13981
2, 0.85615
3, 3e-05
4, 0.00401
