opt, freq
1, 0.05312
2, 0.0755
3, 0.35436
4, 0.51702
