opt, freq
1, 0.10214
2, 0.22624
3, 0.21206
4, 0.45956
