opt, freq
1, 0.10772
2, 0.01598
3, 0.76209
4, 0.11421
