opt, freq
1, 0.03072
2, 0.74621
3, 0.0085
4, 0.21457
