opt, freq
1, 0.21187
2, 0.29794
3, 0.20232
4, 0.28787
