opt, freq
1, 0.0662
2, 0.12144
3, 0.28622
4, 0.52614
