opt, freq
1, 0.15965
2, 0.57407
3, 0.05707
4, 0.20921
