opt, freq
1, 0.15054
2, 0.29939
3, 0.18406
4, 0.36601
