opt, freq
1, 0.90483
2, 0.04671
3, 0.04605
4, 0.00241
