opt, freq
1, 0.0112
2, 0.62224
3, 0.00678
4, 0.35978
