opt, freq
1, 0.12608
2, 0.16378
3, 0.30531
4, 0.40483
