opt, freq
1, 0.41174
2, 0.21864
3, 0.24004
4, 0.12958
