opt, freq
1, 0.08197
2, 0.91803
