opt, freq
1, 0.13009
2, 0.07473
3, 0.50051
4, 0.29467
