opt, freq
1, 0.10395
2, 0.16306
3, 0.28827
4, 0.44472
