opt, freq
1, 0.04482
2, 0.34626
3, 0.07003
4, 0.53889
