opt, freq
1, 0.05694
2, 0.43069
3, 0.05973
4, 0.45264
