opt, freq
1, 0.25282
2, 0.46167
3, 0.10141
4, 0.1841
