opt, freq
1, 0.30793
2, 0.46407
3, 0.08969
4, 0.13831
