opt, freq
1, 0.40188
3, 0.59812
