opt, freq
1, 0.37423
2, 0.47951
3, 0.06135
4, 0.08491
