opt, freq
1, 0.7802
2, 0.00891
3, 0.20882
4, 0.00207
