opt, freq
1, 0.02545
2, 0.44304
3, 0.03116
4, 0.50035
