opt, freq
1, 0.002
2, 0.00224
3, 0.60669
4, 0.38907
