opt, freq
1, 0.60174
2, 0.00766
3, 0.3867
4, 0.0039
