opt, freq
1, 0.32533
2, 0.28422
3, 0.2063
4, 0.18415
