opt, freq
1, 0.24103
2, 0.10922
3, 0.45099
4, 0.19876
