opt, freq
1, 0.00142
2, 0.0013
3, 0.84531
4, 0.15197
