opt, freq
1, 0.59921
2, 0.37399
3, 0.0162
4, 0.0106
