opt, freq
1, 0.2666
2, 0.48452
3, 0.08824
4, 0.16064
