opt, freq
1, 0.0521
2, 0.33843
3, 0.08273
4, 0.52674
