opt, freq
1, 0.13854
2, 0.73376
3, 0.01938
4, 0.10832
