opt, freq
1, 0.0392
2, 0.91674
3, 0.00205
4, 0.04201
