opt, freq
1, 0.55129
2, 0.18003
3, 0.20282
4, 0.06586
