opt, freq
1, 0.12178
2, 0.44938
3, 0.09435
4, 0.33449
