opt, freq
1, 0.28631
2, 0.18354
3, 0.3251
4, 0.20505
