opt, freq
1, 0.03333
2, 0.80411
3, 0.00627
4, 0.15629
