opt, freq
2, 0.00634
3, 0.07435
4, 0.91931
