opt, freq
1, 0.06988
2, 0.64425
3, 0.02781
4, 0.25806
