opt, freq
1, 0.01775
2, 0.00624
3, 0.71037
4, 0.26564
