opt, freq
1, 0.03629
2, 0.02938
3, 0.51572
4, 0.41861
