opt, freq
1, 0.60359
2, 0.10672
3, 0.248
4, 0.04169
