opt, freq
1, 0.38202
2, 0.53148
3, 0.0355
4, 0.051
