opt, freq
1, 0.22153
2, 0.36955
3, 0.15204
4, 0.25688
