opt, freq
1, 0.35054
2, 0.11646
3, 0.40088
4, 0.13212
