opt, freq
1, 0.04483
2, 0.0815
3, 0.30802
4, 0.56565
