opt, freq
1, 0.24065
2, 0.06439
3, 0.549
4, 0.14596
