opt, freq
1, 0.013
2, 0.01177
3, 0.49941
4, 0.47582
