opt, freq
1, 0.72227
2, 0.08765
3, 0.16899
4, 0.02109
