opt, freq
1, 0.01622
2, 0.03001
3, 0.31722
4, 0.63655
