opt, freq
1, 0.35527
2, 0.13129
3, 0.37495
4, 0.13849
