opt, freq
1, 0.13066
2, 0.8053
3, 0.00834
4, 0.0557
