opt, freq
1, 0.09817
2, 0.06914
3, 0.4913
4, 0.34139
