opt, freq
1, 0.00963
2, 0.54295
3, 0.00843
4, 0.43899
