opt, freq
1, 0.36021
2, 0.06576
3, 0.48875
4, 0.08528
