opt, freq
1, 0.69271
2, 0.03646
3, 0.25683
4, 0.014
