opt, freq
1, 0.07997
2, 0.10673
3, 0.3519
4, 0.4614
