opt, freq
1, 0.73426
2, 0.21849
3, 0.03612
4, 0.01113
