opt, freq
1, 0.75747
2, 0.11284
3, 0.11318
4, 0.01651
