opt, freq
1, 0.15551
2, 0.71923
3, 0.02166
4, 0.1036
