opt, freq
1, 0.30673
2, 0.40184
3, 0.12602
4, 0.16541
