opt, freq
1, 0.66582
2, 0.26676
3, 0.04783
4, 0.01959
