opt, freq
1, 0.11134
2, 0.05514
3, 0.55885
4, 0.27467
