opt, freq
1, 0.02613
2, 0.01917
3, 0.5463
4, 0.4084
