opt, freq
1, 0.10833
2, 0.26067
3, 0.18627
4, 0.44473
