opt, freq
1, 0.01638
2, 0.43521
3, 0.02075
4, 0.52766
