opt, freq
1, 0.28083
2, 0.65466
3, 0.01858
4, 0.04593
