opt, freq
1, 0.14529
2, 0.76988
3, 0.01328
4, 0.07155
