opt, freq
1, 0.03468
2, 0.02978
3, 0.49763
4, 0.43791
