opt, freq
1, 0.25319
2, 0.17571
3, 0.33916
4, 0.23194
