opt, freq
1, 0.00921
2, 0.03729
3, 0.185
4, 0.7685
