opt, freq
1, 0.65615
2, 0.15326
3, 0.15504
4, 0.03555
