opt, freq
1, 0.08421
2, 0.18447
3, 0.22848
4, 0.50284
