opt, freq
1, 0.04781
2, 0.56344
3, 0.02995
4, 0.3588
