opt, freq
1, 0.46315
2, 0.46998
3, 0.03237
4, 0.0345
