opt, freq
1, 0.05036
2, 0.097
3, 0.28416
4, 0.56848
