opt, freq
1, 0.02047
2, 0.0458
3, 0.27518
4, 0.65855
