opt, freq
1, 0.10344
2, 0.14482
3, 0.31083
4, 0.44091
