opt, freq
1, 0.13836
2, 0.49396
3, 0.07876
4, 0.28892
