opt, freq
1, 0.3275
2, 0.5875
3, 0.02973
4, 0.05527
