opt, freq
1, 0.53107
2, 0.36195
3, 0.06308
4, 0.0439
