opt, freq
1, 0.37291
2, 0.38064
3, 0.12084
4, 0.12561
