opt, freq
1, 0.6252
2, 0.32891
3, 0.02949
4, 0.0164
