opt, freq
1, 0.00762
2, 0.01877
3, 0.26668
4, 0.70693
