opt, freq
1, 0.00819
2, 0.4824
3, 0.00918
4, 0.50023
