opt, freq
1, 0.84501
2, 0.02537
3, 0.126
4, 0.00362
