opt, freq
1, 0.18524
2, 0.20714
3, 0.28687
4, 0.32075
