opt, freq
1, 0.05679
2, 0.67745
3, 0.02015
4, 0.24561
