opt, freq
1, 0.32981
2, 0.46311
3, 0.08583
4, 0.12125
