opt, freq
1, 0.45562
2, 0.54438
