opt, freq
1, 0.0395
2, 0.00309
3, 0.88788
4, 0.06953
