opt, freq
1, 0.29414
2, 0.58041
3, 0.04088
4, 0.08457
