opt, freq
1, 0.21811
2, 0.20937
3, 0.29292
4, 0.2796
