opt, freq
1, 0.04033
2, 0.02573
3, 0.5717
4, 0.36224
