opt, freq
1, 0.07432
2, 0.1952
3, 0.20005
4, 0.53043
