opt, freq
1, 0.04884
2, 0.5846
3, 0.02803
4, 0.33853
