opt, freq
1, 0.2658
2, 0.40388
3, 0.1306
4, 0.19972
