opt, freq
1, 0.0763
2, 0.04846
3, 0.5339
4, 0.34134
