opt, freq
1, 0.52912
2, 0.01788
3, 0.43942
4, 0.01358
