opt, freq
1, 0.2837
2, 0.0848
3, 0.48663
4, 0.14487
