opt, freq
1, 0.13728
2, 0.06754
3, 0.52984
4, 0.26534
