opt, freq
1, 0.39916
2, 0.15105
3, 0.32837
4, 0.12142
