opt, freq
1, 0.17466
2, 0.15351
3, 0.35818
4, 0.31365
