opt, freq
1, 0.60548
2, 0.14429
3, 0.20329
4, 0.04694
