opt, freq
1, 0.16676
2, 0.36308
3, 0.14637
4, 0.32379
