opt, freq
1, 0.6279
2, 0.06292
3, 0.28132
4, 0.02786
