opt, freq
1, 0.05013
2, 0.48126
3, 0.04459
4, 0.42402
