opt, freq
1, 0.50123
2, 0.47343
3, 0.01235
4, 0.01299
