opt, freq
1, 0.03637
2, 0.23068
3, 0.10061
4, 0.63234
