opt, freq
1, 0.14418
2, 0.18549
3, 0.28816
4, 0.38217
