opt, freq
1, 0.16141
2, 0.2494
3, 0.23061
4, 0.35858
