opt, freq
1, 0.06929
2, 0.10024
3, 0.3407
4, 0.48977
