opt, freq
1, 0.09707
2, 0.02978
3, 0.67229
4, 0.20086
