opt, freq
1, 0.1396
2, 0.37302
3, 0.13426
4, 0.35312
