opt, freq
1, 0.04372
2, 0.36231
3, 0.06505
4, 0.52892
