opt, freq
1, 0.70213
2, 0.08806
3, 0.18653
4, 0.02328
