opt, freq
1, 0.10997
2, 0.0147
3, 0.77796
4, 0.09737
