opt, freq
1, 0.18705
2, 0.41732
3, 0.12229
4, 0.27334
