opt, freq
2, 0.00567
3, 0.29387
4, 0.70046
