opt, freq
1, 0.23008
2, 0.19926
3, 0.3028
4, 0.26786
