opt, freq
1, 0.87205
2, 0.12795
