opt, freq
1, 0.09452
2, 0.39304
3, 0.10126
4, 0.41118
