opt, freq
1, 0.37437
2, 0.27821
3, 0.1985
4, 0.14892
