opt, freq
1, 0.27994
2, 0.39271
3, 0.1344
4, 0.19295
