opt, freq
1, 0.42438
2, 0.12598
3, 0.3467
4, 0.10294
