opt, freq
1, 0.77976
2, 0.113
3, 0.09376
4, 0.01348
