opt, freq
1, 0.15478
2, 0.00924
3, 0.79146
4, 0.04452
