opt, freq
1, 0.1859
2, 0.66637
3, 0.03193
4, 0.1158
