opt, freq
1, 0.11591
2, 0.1121
3, 0.39688
4, 0.37511
