opt, freq
1, 0.4062
2, 0.04253
3, 0.50178
4, 0.04949
