opt, freq
1, 0.22028
2, 0.63363
3, 0.03678
4, 0.10931
