opt, freq
1, 0.22514
2, 0.0184
3, 0.70261
4, 0.05385
