opt, freq
1, 0.05886
2, 0.69283
3, 0.01917
4, 0.22914
