opt, freq
1, 0.94237
2, 0.02835
3, 0.02815
4, 0.00113
