opt, freq
1, 0.57473
2, 0.13356
3, 0.2369
4, 0.05481
