opt, freq
1, 0.06525
2, 0.10145
3, 0.32763
4, 0.50567
