opt, freq
1, 0.21641
2, 0.02865
3, 0.67075
4, 0.08419
