opt, freq
1, 0.32258
2, 0.14414
3, 0.36896
4, 0.16432
