opt, freq
1, 0.75559
2, 0.19833
3, 0.03674
4, 0.00934
