opt, freq
1, 0.01849
2, 0.49209
3, 0.01896
4, 0.47046
