opt, freq
1, 0.0036
2, 0.06303
3, 0.05289
4, 0.88048
