opt, freq
1, 0.39854
2, 0.19316
3, 0.27489
4, 0.13341
