opt, freq
1, 0.47603
2, 0.29727
3, 0.13857
4, 0.08813
