opt, freq
1, 0.04128
2, 0.00087
3, 0.94427
4, 0.01358
