opt, freq
1, 0.37975
2, 0.33151
3, 0.15448
4, 0.13426
