opt, freq
1, 0.24715
2, 0.15766
3, 0.364
4, 0.23119
