opt, freq
1, 0.27499
2, 0.54026
3, 0.06234
4, 0.12241
