opt, freq
1, 0.51522
2, 0.37966
3, 0.05993
4, 0.04519
