opt, freq
1, 0.06221
2, 0.16424
3, 0.21406
4, 0.55949
