opt, freq
1, 0.05624
2, 0.87961
3, 0.00339
4, 0.06076
