opt, freq
1, 0.07623
2, 0.47341
3, 0.06094
4, 0.38942
