opt, freq
1, 0.18924
2, 0.60668
3, 0.04785
4, 0.15623
