opt, freq
1, 0.35152
2, 0.6235
3, 0.00788
4, 0.0171
