opt, freq
1, 0.21862
2, 0.06744
3, 0.55069
4, 0.16325
