opt, freq
1, 0.25925
2, 0.4343
3, 0.11392
4, 0.19253
