opt, freq
1, 0.49907
2, 0.2058
3, 0.20915
4, 0.08598
