opt, freq
1, 0.99129
2, 0.00871
