opt, freq
1, 0.22132
2, 0.22598
3, 0.27326
4, 0.27944
