opt, freq
1, 0.12091
2, 0.39137
3, 0.11552
4, 0.3722
