opt, freq
1, 0.03692
2, 0.02705
3, 0.53453
4, 0.4015
