opt, freq
1, 0.10601
2, 0.78787
3, 0.01183
4, 0.09429
