opt, freq
1, 0.05134
2, 0.16947
3, 0.1812
4, 0.59799
