opt, freq
1, 0.15539
2, 0.8197
3, 0.00338
4, 0.02153
