opt, freq
1, 0.1865
2, 0.11864
3, 0.42212
4, 0.27274
