opt, freq
1, 0.23056
2, 0.66453
3, 0.02642
4, 0.07849
