opt, freq
1, 0.27372
2, 0.35853
3, 0.15934
4, 0.20841
