opt, freq
1, 0.02484
2, 0.0407
3, 0.35095
4, 0.58351
