opt, freq
1, 0.06338
2, 0.75285
3, 0.01399
4, 0.16978
