opt, freq
1, 0.11361
2, 0.09354
3, 0.4366
4, 0.35625
