opt, freq
1, 0.32783
2, 0.42366
3, 0.10741
4, 0.1411
