opt, freq
1, 0.75816
2, 0.15411
3, 0.07329
4, 0.01444
