opt, freq
1, 0.3709
2, 0.52276
3, 0.04338
4, 0.06296
