opt, freq
1, 0.17497
2, 0.55693
3, 0.06199
4, 0.20611
