opt, freq
1, 0.23153
2, 0.07685
3, 0.52043
4, 0.17119
