opt, freq
1, 0.5672
2, 0.085
3, 0.30394
4, 0.04386
