opt, freq
1, 0.17211
2, 0.03204
3, 0.67482
4, 0.12103
