opt, freq
1, 0.27672
2, 0.19215
3, 0.31315
4, 0.21798
