opt, freq
1, 0.00247
2, 0.02487
3, 0.07197
4, 0.90069
