opt, freq
1, 0.31415
2, 0.01088
3, 0.6541
4, 0.02087
