opt, freq
1, 0.70965
2, 0.2841
3, 0.00418
4, 0.00207
