opt, freq
1, 0.2491
2, 0.27956
3, 0.22275
4, 0.24859
