opt, freq
1, 0.30358
2, 0.26803
3, 0.22676
4, 0.20163
