opt, freq
2, 0.00574
3, 0.32816
4, 0.6661
