opt, freq
1, 0.56327
2, 0.24773
3, 0.1296
4, 0.0594
