opt, freq
1, 0.00259
2, 0.044
3, 0.05316
4, 0.90025
