opt, freq
1, 0.26814
2, 0.11958
3, 0.42535
4, 0.18693
