opt, freq
1, 0.20886
2, 0.09613
3, 0.47956
4, 0.21545
