opt, freq
1, 0.10417
2, 0.09891
3, 0.40547
4, 0.39145
