opt, freq
1, 0.01836
2, 0.04741
3, 0.25605
4, 0.67818
