opt, freq
1, 0.24919
2, 0.22144
3, 0.28401
4, 0.24536
