opt, freq
1, 0.06287
2, 0.04125
3, 0.54096
4, 0.35492
