opt, freq
1, 0.21678
2, 0.14937
3, 0.37586
4, 0.25799
