opt, freq
1, 0.23045
2, 0.21939
3, 0.28199
4, 0.26817
