opt, freq
1, 0.88671
2, 0.06516
3, 0.04459
4, 0.00354
