opt, freq
1, 0.82934
2, 0.06227
3, 0.10029
4, 0.0081
