opt, freq
1, 0.08441
2, 0.1656
3, 0.24874
4, 0.50125
