opt, freq
1, 0.16998
2, 0.07615
3, 0.52007
4, 0.2338
