opt, freq
1, 0.8409
2, 0.00882
3, 0.14894
4, 0.00134
