opt, freq
1, 0.59169
2, 0.13964
3, 0.21833
4, 0.05034
