opt, freq
1, 0.37068
2, 0.29996
3, 0.18322
4, 0.14614
