opt, freq
1, 0.02902
2, 0.01542
3, 0.62189
4, 0.33367
