opt, freq
1, 0.38006
2, 0.04807
3, 0.50963
4, 0.06224
