opt, freq
1, 0.50576
2, 0.22354
3, 0.18648
4, 0.08422
