opt, freq
1, 0.25363
2, 0.35742
3, 0.1597
4, 0.22925
