opt, freq
1, 0.01856
2, 0.08829
3, 0.15605
4, 0.7371
