opt, freq
1, 0.10697
2, 0.03731
3, 0.64153
4, 0.21419
