opt, freq
1, 0.09032
2, 0.71863
3, 0.02119
4, 0.16986
