opt, freq
1, 0.00763
2, 0.03884
3, 0.14839
4, 0.80514
