opt, freq
1, 0.05571
2, 0.35209
3, 0.08103
4, 0.51117
