opt, freq
1, 0.06295
2, 0.06338
3, 0.42958
4, 0.44409
