opt, freq
1, 0.02089
2, 0.20718
3, 0.07328
4, 0.69865
