opt, freq
1, 0.40225
2, 0.16563
3, 0.30785
4, 0.12427
