opt, freq
1, 0.86627
2, 0.10501
3, 0.02568
4, 0.00304
