opt, freq
1, 0.12624
2, 0.17978
3, 0.28719
4, 0.40679
