opt, freq
1, 0.01429
2, 0.11125
3, 0.10099
4, 0.77347
