opt, freq
1, 0.48047
2, 0.08676
3, 0.36834
4, 0.06443
