opt, freq
1, 0.15728
2, 0.45599
3, 0.09855
4, 0.28818
