opt, freq
1, 0.46701
2, 0.05853
3, 0.42266
4, 0.0518
