opt, freq
1, 0.09378
2, 0.11366
3, 0.3607
4, 0.43186
