opt, freq
1, 0.32647
2, 0.09817
3, 0.44289
4, 0.13247
