opt, freq
1, 0.59409
2, 0.07422
3, 0.29566
4, 0.03603
