opt, freq
1, 0.73932
2, 0.19312
3, 0.05351
4, 0.01405
