opt, freq
1, 0.4551
2, 0.04819
3, 0.44955
4, 0.04716
