opt, freq
1, 0.67363
2, 0.21819
3, 0.08094
4, 0.02724
