opt, freq
1, 0.09368
2, 0.05184
3, 0.55483
4, 0.29965
