opt, freq
1, 0.16848
2, 0.21963
3, 0.26592
4, 0.34597
