opt, freq
1, 0.27521
2, 0.41744
3, 0.12284
4, 0.18451
