opt, freq
1, 0.21878
2, 0.33459
3, 0.1754
4, 0.27123
