opt, freq
1, 0.45088
2, 0.20126
3, 0.24089
4, 0.10697
