opt, freq
1, 0.43084
2, 0.16006
3, 0.29966
4, 0.10944
