opt, freq
1, 0.42181
2, 0.2066
3, 0.2504
4, 0.12119
