opt, freq
1, 0.36883
2, 0.44311
3, 0.08408
4, 0.10398
