opt, freq
1, 0.51783
2, 0.25448
3, 0.15313
4, 0.07456
