opt, freq
1, 0.00578
2, 0.1006
3, 0.04865
4, 0.84497
