opt, freq
1, 0.03284
2, 0.17589
3, 0.12336
4, 0.66791
