opt, freq
1, 0.55284
2, 0.20159
3, 0.1792
4, 0.06637
