opt, freq
1, 0.207
2, 0.12286
3, 0.42241
4, 0.24773
