opt, freq
1, 0.39158
2, 0.50337
3, 0.04451
4, 0.06054
