opt, freq
1, 0.24344
3, 0.75656
