opt, freq
1, 0.15617
2, 0.07022
3, 0.53389
4, 0.23972
