opt, freq
1, 0.85063
2, 0.10223
3, 0.04199
4, 0.00515
