opt, freq
1, 0.15179
2, 0.43655
3, 0.10363
4, 0.30803
