opt, freq
1, 0.01603
2, 0.07104
3, 0.16011
4, 0.75282
