opt, freq
1, 0.09125
2, 0.21978
3, 0.2015
4, 0.48747
