opt, freq
1, 0.00077
2, 0.06783
3, 0.01513
4, 0.91627
