opt, freq
1, 0.04997
2, 0.05571
3, 0.42344
4, 0.47088
