opt, freq
1, 0.74058
2, 0.11088
3, 0.12926
4, 0.01928
