opt, freq
1, 0.22837
2, 0.03582
3, 0.63947
4, 0.09634
