opt, freq
1, 0.08236
2, 0.02051
3, 0.7252
4, 0.17193
