opt, freq
1, 0.22973
2, 0.29923
3, 0.20411
4, 0.26693
