opt, freq
1, 0.0204
2, 0.08575
3, 0.17156
4, 0.72229
