opt, freq
1, 0.83223
2, 0.11955
3, 0.04216
4, 0.00606
