opt, freq
1, 0.41497
2, 0.07409
3, 0.43335
4, 0.07759
