opt, freq
1, 0.42029
2, 0.17153
3, 0.29159
4, 0.11659
