opt, freq
1, 0.28298
2, 0.28852
3, 0.21048
4, 0.21802
