opt, freq
1, 0.06874
2, 0.05746
3, 0.48079
4, 0.39301
