opt, freq
1, 0.12674
2, 0.08132
3, 0.48529
4, 0.30665
