opt, freq
1, 0.07209
2, 0.15506
3, 0.24149
4, 0.53136
