opt, freq
1, 0.39485
2, 0.31589
3, 0.16074
4, 0.12852
