opt, freq
1, 0.27912
2, 0.02852
3, 0.62861
4, 0.06375
