opt, freq
1, 0.07738
2, 0.02661
3, 0.67038
4, 0.22563
