opt, freq
1, 0.01851
2, 0.00443
3, 0.80897
4, 0.16809
