opt, freq
1, 0.47702
2, 0.11171
3, 0.33188
4, 0.07939
