opt, freq
1, 0.30151
2, 0.39095
3, 0.1333
4, 0.17424
