opt, freq
1, 0.39566
2, 0.13196
3, 0.35365
4, 0.11873
