opt, freq
1, 0.55022
2, 0.40394
3, 0.02597
4, 0.01987
