opt, freq
1, 0.28715
2, 0.07843
3, 0.50133
4, 0.13309
