opt, freq
1, 0.39726
2, 0.5574
3, 0.01853
4, 0.02681
