opt, freq
1, 0.28818
2, 0.20144
3, 0.30237
4, 0.20801
