opt, freq
1, 0.93087
2, 0.06913
