opt, freq
1, 0.40957
2, 0.52408
3, 0.02819
4, 0.03816
