opt, freq
1, 0.11228
2, 0.13574
3, 0.33905
4, 0.41293
