opt, freq
1, 0.21376
2, 0.11253
3, 0.43937
4, 0.23434
