opt, freq
1, 0.00169
2, 0.04528
3, 0.03483
4, 0.9182
