opt, freq
1, 0.05334
2, 0.63761
3, 0.02375
4, 0.2853
