opt, freq
1, 0.2957
2, 0.13373
3, 0.39537
4, 0.1752
