opt, freq
1, 0.52698
3, 0.47302
