opt, freq
1, 0.50097
2, 0.43213
3, 0.03491
4, 0.03199
