opt, freq
1, 0.14918
2, 0.32182
3, 0.16611
4, 0.36289
