opt, freq
1, 0.04873
2, 0.0373
3, 0.5036
4, 0.41037
