opt, freq
1, 0.027
2, 0.68381
3, 0.01153
4, 0.27766
