opt, freq
1, 0.67328
2, 0.03635
3, 0.27651
4, 0.01386
