opt, freq
1, 0.18226
2, 0.36845
3, 0.15022
4, 0.29907
