opt, freq
1, 0.65735
2, 0.05052
3, 0.27194
4, 0.02019
