opt, freq
1, 0.43112
2, 0.07778
3, 0.4173
4, 0.0738
