opt, freq
1, 0.00926
2, 0.52186
3, 0.00818
4, 0.4607
