opt, freq
1, 0.36172
2, 0.14835
3, 0.34731
4, 0.14262
