opt, freq
1, 0.38146
2, 0.31049
3, 0.1714
4, 0.13665
