opt, freq
1, 0.31515
2, 0.2774
3, 0.21744
4, 0.19001
