opt, freq
1, 0.0134
2, 0.03346
3, 0.26036
4, 0.69278
