opt, freq
1, 0.31823
2, 0.17187
3, 0.33407
4, 0.17583
