opt, freq
1, 0.37926
2, 0.06833
3, 0.46934
4, 0.08307
