opt, freq
1, 0.28048
2, 0.43229
3, 0.11297
4, 0.17426
