opt, freq
1, 0.34064
2, 0.61613
3, 0.01468
4, 0.02855
