opt, freq
1, 0.4816
2, 0.4136
3, 0.05521
4, 0.04959
