opt, freq
1, 0.45044
2, 0.05643
3, 0.43873
4, 0.0544
