opt, freq
1, 0.41955
2, 0.00614
3, 0.5674
4, 0.00691
