opt, freq
1, 0.0023
2, 0.00211
3, 0.58573
4, 0.40986
