opt, freq
1, 0.10511
2, 0.03918
3, 0.6233
4, 0.23241
