opt, freq
1, 0.04257
2, 0.12498
3, 0.21256
4, 0.61989
