opt, freq
1, 0.09193
2, 0.05387
3, 0.53759
4, 0.31661
