opt, freq
1, 0.08291
3, 0.91709
