opt, freq
1, 0.08243
2, 0.06339
3, 0.48603
4, 0.36815
