opt, freq
1, 0.12395
2, 0.04139
3, 0.62492
4, 0.20974
