opt, freq
1, 0.0062
2, 0.18112
3, 0.02985
4, 0.78283
