opt, freq
1, 0.03502
2, 0.19315
3, 0.12159
4, 0.65024
