opt, freq
1, 0.1161
2, 0.4735
3, 0.07967
4, 0.33073
