opt, freq
1, 0.70577
2, 0.16459
3, 0.10527
4, 0.02437
