opt, freq
1, 0.13328
2, 0.09116
3, 0.45587
4, 0.31969
