opt, freq
1, 0.06816
2, 0.01653
3, 0.73936
4, 0.17595
