opt, freq
1, 0.2552
2, 0.59946
3, 0.04221
4, 0.10313
