opt, freq
1, 0.11231
2, 0.82248
3, 0.00737
4, 0.05784
