opt, freq
1, 0.28908
2, 0.41955
3, 0.11878
4, 0.17259
