opt, freq
1, 0.65303
2, 0.34084
3, 0.00373
4, 0.0024
