opt, freq
1, 0.5859
2, 0.28714
3, 0.0863
4, 0.04066
