opt, freq
1, 0.62582
2, 0.02106
3, 0.34349
4, 0.00963
