opt, freq
1, 0.02101
2, 0.00073
3, 0.94506
4, 0.0332
