opt, freq
1, 0.0161
2, 0.21188
3, 0.05827
4, 0.71375
