opt, freq
1, 0.25988
2, 0.23029
3, 0.2723
4, 0.23753
