opt, freq
1, 0.25888
2, 0.02753
3, 0.64846
4, 0.06513
