opt, freq
1, 0.02749
2, 0.01877
3, 0.56504
4, 0.3887
