opt, freq
1, 0.05759
2, 0.00585
3, 0.85036
4, 0.0862
