opt, freq
1, 0.00764
2, 0.223
3, 0.02817
4, 0.74119
