opt, freq
1, 0.01188
2, 0.15738
3, 0.06251
4, 0.76823
