opt, freq
1, 0.46121
2, 0.29216
3, 0.15122
4, 0.09541
