opt, freq
1, 0.25368
2, 0.05386
3, 0.57369
4, 0.11877
