opt, freq
1, 0.13878
2, 0.0053
3, 0.82756
4, 0.02836
