opt, freq
1, 0.514
2, 0.13685
3, 0.27566
4, 0.07349
