opt, freq
1, 0.45399
2, 0.09414
3, 0.37563
4, 0.07624
