opt, freq
1, 0.02049
2, 0.97551
4, 0.004
