opt, freq
1, 0.30501
2, 0.36493
3, 0.15147
4, 0.17859
