opt, freq
1, 0.67404
2, 0.32596
