opt, freq
1, 0.04865
2, 0.01391
3, 0.73914
4, 0.1983
