opt, freq
1, 0.00578
2, 0.38407
3, 0.01113
4, 0.59902
