opt, freq
1, 0.61572
2, 0.29661
3, 0.05827
4, 0.0294
