opt, freq
1, 0.28607
2, 0.06071
3, 0.54245
4, 0.11077
