opt, freq
1, 0.36852
2, 0.40712
3, 0.10633
4, 0.11803
