opt, freq
1, 0.4874
2, 0.30442
3, 0.12837
4, 0.07981
