opt, freq
1, 0.22382
2, 0.12173
3, 0.42378
4, 0.23067
