opt, freq
1, 0.41034
2, 0.01531
3, 0.55711
4, 0.01724
