opt, freq
1, 0.28172
2, 0.26699
3, 0.23266
4, 0.21863
