opt, freq
1, 0.02072
2, 0.12759
3, 0.11533
4, 0.73636
