opt, freq
1, 0.42375
3, 0.57625
