opt, freq
1, 0.16508
2, 0.18504
3, 0.30454
4, 0.34534
