opt, freq
1, 0.42808
2, 0.54686
3, 0.01021
4, 0.01485
