opt, freq
1, 0.07992
2, 0.00333
3, 0.88581
4, 0.03094
