opt, freq
1, 0.19925
2, 0.00352
3, 0.78729
4, 0.00994
