opt, freq
1, 0.04857
2, 0.01614
3, 0.69853
4, 0.23676
