opt, freq
1, 0.13578
2, 0.11219
3, 0.41271
4, 0.33932
