opt, freq
1, 0.17386
2, 0.31653
3, 0.18175
4, 0.32786
