opt, freq
1, 0.20934
2, 0.19943
3, 0.3023
4, 0.28893
