opt, freq
1, 0.0553
2, 0.51626
3, 0.04258
4, 0.38586
