opt, freq
1, 0.02073
2, 0.04504
3, 0.29478
4, 0.63945
