opt, freq
1, 0.21675
2, 0.00359
3, 0.76985
4, 0.00981
