opt, freq
1, 0.89158
2, 0.10842
