opt, freq
1, 0.62158
2, 0.24941
3, 0.09171
4, 0.0373
