opt, freq
1, 0.14103
2, 0.00251
3, 0.84531
4, 0.01115
