opt, freq
1, 0.7328
2, 0.17507
3, 0.07418
4, 0.01795
