opt, freq
1, 0.44971
2, 0.2198
3, 0.22149
4, 0.109
