opt, freq
1, 0.70708
3, 0.29292
