opt, freq
1, 0.64735
2, 0.08061
3, 0.24272
4, 0.02932
