opt, freq
1, 0.16049
2, 0.35045
3, 0.15487
4, 0.33419
