opt, freq
1, 0.67464
2, 0.29925
3, 0.01768
4, 0.00843
