opt, freq
1, 0.05599
2, 0.02793
3, 0.61039
4, 0.30569
