opt, freq
1, 0.50448
2, 0.06332
3, 0.38441
4, 0.04779
