opt, freq
1, 0.07898
2, 0.49406
3, 0.05909
4, 0.36787
