opt, freq
1, 0.92286
2, 0.00882
3, 0.06776
4, 0.00056
