opt, freq
1, 0.00848
2, 0.07772
3, 0.08637
4, 0.82743
