opt, freq
1, 0.14186
3, 0.85814
