opt, freq
1, 0.37756
2, 0.09004
3, 0.43085
4, 0.10155
