opt, freq
1, 0.01158
2, 0.09272
3, 0.09775
4, 0.79795
