opt, freq
1, 0.2505
2, 0.2385
3, 0.26272
4, 0.24828
