opt, freq
1, 0.31539
2, 0.09346
3, 0.45553
4, 0.13562
