opt, freq
1, 0.47834
2, 0.27488
3, 0.15444
4, 0.09234
