opt, freq
1, 0.07302
2, 0.09544
3, 0.35855
4, 0.47299
