opt, freq
1, 0.0155
2, 0.05198
3, 0.20081
4, 0.73171
