opt, freq
1, 0.00349
2, 0.2455
3, 0.01304
4, 0.73797
