opt, freq
1, 0.20321
2, 0.08274
3, 0.50658
4, 0.20747
