opt, freq
1, 0.23258
2, 0.3593
3, 0.16094
4, 0.24718
