opt, freq
1, 0.18149
2, 0.18688
3, 0.30974
4, 0.32189
