opt, freq
1, 0.44789
2, 0.26501
3, 0.18223
4, 0.10487
