opt, freq
1, 0.78809
2, 0.20498
3, 0.00545
4, 0.00148
