opt, freq
1, 0.10186
2, 0.63276
3, 0.03613
4, 0.22925
