opt, freq
1, 0.69234
2, 0.13922
3, 0.14011
4, 0.02833
