opt, freq
1, 0.03303
2, 0.0108
3, 0.71527
4, 0.2409
