opt, freq
2, 0.00262
3, 0.82349
4, 0.17389
