opt, freq
1, 0.03257
2, 0.25604
3, 0.08347
4, 0.62792
