opt, freq
1, 0.65328
2, 0.23932
3, 0.07742
4, 0.02998
