opt, freq
1, 0.04472
2, 0.42548
3, 0.05166
4, 0.47814
