opt, freq
1, 0.42208
2, 0.43239
3, 0.07116
4, 0.07437
