opt, freq
1, 0.05566
2, 0.11247
3, 0.27514
4, 0.55673
