opt, freq
1, 0.01342
2, 0.07161
3, 0.14231
4, 0.77266
