opt, freq
1, 0.36668
2, 0.0378
3, 0.53973
4, 0.05579
