opt, freq
1, 0.34033
2, 0.23292
3, 0.25187
4, 0.17488
