opt, freq
1, 0.04295
2, 0.02215
3, 0.60593
4, 0.32897
