opt, freq
1, 0.0375
2, 0.59845
3, 0.02196
4, 0.34209
