opt, freq
1, 0.26768
2, 0.44205
3, 0.10911
4, 0.18116
