opt, freq
1, 0.33301
2, 0.33872
3, 0.16083
4, 0.16744
