opt, freq
1, 0.03513
2, 0.27522
3, 0.07962
4, 0.61003
