opt, freq
1, 0.41106
2, 0.19804
3, 0.26115
4, 0.12975
