opt, freq
1, 0.04014
2, 0.16881
3, 0.15642
4, 0.63463
