opt, freq
1, 0.3956
2, 0.59944
3, 0.00102
4, 0.00394
