opt, freq
1, 0.56699
3, 0.43301
