opt, freq
1, 0.08351
2, 0.63271
3, 0.03267
4, 0.25111
