opt, freq
1, 0.19372
2, 0.46022
3, 0.10135
4, 0.24471
