opt, freq
1, 0.36153
2, 0.34481
3, 0.14987
4, 0.14379
