opt, freq
1, 0.04412
2, 0.52629
3, 0.0315
4, 0.39809
