opt, freq
1, 0.03338
2, 0.07234
3, 0.27537
4, 0.61891
