opt, freq
1, 0.13582
2, 0.0286
3, 0.69179
4, 0.14379
