opt, freq
1, 0.23271
2, 0.41888
3, 0.12351
4, 0.2249
