opt, freq
1, 0.12886
2, 0.4608
3, 0.08618
4, 0.32416
