opt, freq
1, 0.7165
2, 0.07202
3, 0.19232
4, 0.01916
