opt, freq
1, 0.77471
2, 0.17843
3, 0.0383
4, 0.00856
