opt, freq
1, 0.27349
2, 0.64005
3, 0.02432
4, 0.06214
