opt, freq
1, 0.66153
2, 0.06667
3, 0.24742
4, 0.02438
