opt, freq
1, 0.45533
2, 0.15211
3, 0.295
4, 0.09756
