opt, freq
1, 0.04121
2, 0.02379
3, 0.58735
4, 0.34765
