opt, freq
1, 0.24351
2, 0.52875
3, 0.07173
4, 0.15601
