opt, freq
1, 0.05558
2, 0.29636
3, 0.10277
4, 0.54529
