opt, freq
1, 0.54516
2, 0.16377
3, 0.22549
4, 0.06558
