opt, freq
1, 0.34948
2, 0.03605
3, 0.55854
4, 0.05593
