opt, freq
1, 0.30432
2, 0.65131
3, 0.01346
4, 0.03091
