opt, freq
1, 0.0824
2, 0.084
3, 0.40758
4, 0.42602
