opt, freq
1, 0.11874
2, 0.17119
3, 0.29311
4, 0.41696
