opt, freq
1, 0.10071
2, 0.4095
3, 0.0951
4, 0.39469
