opt, freq
1, 0.04469
2, 0.54786
3, 0.03169
4, 0.37576
