opt, freq
1, 0.46545
2, 0.34568
3, 0.10845
4, 0.08042
