opt, freq
1, 0.08748
2, 0.09802
3, 0.38384
4, 0.43066
