opt, freq
1, 0.06733
2, 0.03682
3, 0.58127
4, 0.31458
