opt, freq
1, 0.39194
2, 0.40217
3, 0.10149
4, 0.1044
