opt, freq
1, 0.06354
2, 0.58847
3, 0.03431
4, 0.31368
