opt, freq
1, 0.3747
2, 0.23612
3, 0.23782
4, 0.15136
