opt, freq
1, 0.15548
2, 0.09146
3, 0.47447
4, 0.27859
