opt, freq
1, 0.65387
2, 0.03463
3, 0.29625
4, 0.01525
