opt, freq
1, 0.67964
2, 0.00833
3, 0.30884
4, 0.00319
