opt, freq
1, 0.04432
2, 0.10291
3, 0.25089
4, 0.60188
