opt, freq
1, 0.08933
2, 0.01564
3, 0.75778
4, 0.13725
