opt, freq
1, 0.10508
2, 0.10089
3, 0.40735
4, 0.38668
