opt, freq
1, 0.00374
2, 0.1022
3, 0.03247
4, 0.86159
