opt, freq
1, 0.10135
3, 0.89865
