opt, freq
1, 0.38096
2, 0.1875
3, 0.2903
4, 0.14124
