opt, freq
1, 0.09278
2, 0.15454
3, 0.28156
4, 0.47112
