opt, freq
1, 0.54371
2, 0.08193
3, 0.32619
4, 0.04817
