opt, freq
1, 0.11554
2, 0.33451
3, 0.14076
4, 0.40919
