opt, freq
1, 0.11392
2, 0.17561
3, 0.27765
4, 0.43282
