opt, freq
1, 0.046
2, 0.22094
3, 0.12939
4, 0.60367
