opt, freq
1, 0.69496
2, 0.30504
