opt, freq
1, 0.1483
2, 0.48401
3, 0.08541
4, 0.28228
