opt, freq
1, 0.02828
2, 0.03585
3, 0.40435
4, 0.53152
