opt, freq
1, 0.84931
2, 0.12218
3, 0.02455
4, 0.00396
