opt, freq
1, 0.0812
2, 0.00145
3, 0.90488
4, 0.01247
