opt, freq
1, 0.10743
2, 0.50226
3, 0.06986
4, 0.32045
