opt, freq
1, 0.31504
2, 0.48002
3, 0.07979
4, 0.12515
