opt, freq
1, 0.27665
2, 0.17434
3, 0.33378
4, 0.21523
