opt, freq
1, 0.00528
2, 0.14211
3, 0.03089
4, 0.82172
