opt, freq
1, 0.81221
2, 0.14061
3, 0.04032
4, 0.00686
