opt, freq
1, 0.15828
2, 0.15269
3, 0.35157
4, 0.33746
