opt, freq
1, 0.04231
2, 0.68965
3, 0.01542
4, 0.25262
