opt, freq
1, 0.3632
2, 0.26959
3, 0.21059
4, 0.15662
