opt, freq
1, 0.39662
2, 0.29258
3, 0.17744
4, 0.13336
