opt, freq
1, 0.03544
2, 0.83767
3, 0.00509
4, 0.1218
