opt, freq
1, 0.0927
2, 0.37918
3, 0.103
4, 0.42512
