opt, freq
1, 0.97142
2, 0.02858
