opt, freq
1, 0.71275
2, 0.28725
