opt, freq
1, 0.07257
2, 0.53974
3, 0.04549
4, 0.3422
