opt, freq
1, 0.20415
2, 0.36997
3, 0.14975
4, 0.27613
