opt, freq
1, 0.34111
2, 0.04327
3, 0.54752
4, 0.0681
