opt, freq
1, 0.26428
2, 0.02132
3, 0.66295
4, 0.05145
