opt, freq
1, 0.57174
2, 0.09905
3, 0.28026
4, 0.04895
