opt, freq
1, 0.07455
2, 0.00954
3, 0.81334
4, 0.10257
