opt, freq
1, 0.06815
2, 0.18221
3, 0.20478
4, 0.54486
