opt, freq
1, 0.13095
2, 0.32071
3, 0.16086
4, 0.38748
