opt, freq
1, 0.67417
2, 0.13667
3, 0.15702
4, 0.03214
