opt, freq
1, 0.28024
2, 0.37007
3, 0.15222
4, 0.19747
