opt, freq
1, 0.04556
2, 0.72719
3, 0.0128
4, 0.21445
