opt, freq
1, 0.08068
2, 0.18997
3, 0.21377
4, 0.51558
