opt, freq
1, 0.41092
2, 0.18266
3, 0.28134
4, 0.12508
