opt, freq
1, 0.21969
2, 0.09
3, 0.49003
4, 0.20028
