opt, freq
1, 0.29133
2, 0.37975
3, 0.14126
4, 0.18766
