opt, freq
1, 0.07862
2, 0.04629
3, 0.55135
4, 0.32374
