opt, freq
1, 0.14174
2, 0.02292
3, 0.72694
4, 0.1084
