opt, freq
1, 0.35065
2, 0.0531
3, 0.51757
4, 0.07868
