opt, freq
1, 0.49689
2, 0.13278
3, 0.2931
4, 0.07723
