opt, freq
1, 0.26025
2, 0.08792
3, 0.48705
4, 0.16478
