opt, freq
1, 0.03085
2, 0.03581
3, 0.42131
4, 0.51203
