opt, freq
1, 0.06152
2, 0.46797
3, 0.05599
4, 0.41452
