opt, freq
1, 0.0165
2, 0.00689
3, 0.67158
4, 0.30503
