opt, freq
1, 0.21244
2, 0.27698
3, 0.2214
4, 0.28918
