opt, freq
1, 0.56386
2, 0.22789
3, 0.14909
4, 0.05916
