opt, freq
1, 0.05298
2, 0.03202
3, 0.57686
4, 0.33814
