opt, freq
2, 0.0055
3, 0.35084
4, 0.64366
