opt, freq
1, 0.0859
2, 0.28244
3, 0.14863
4, 0.48303
