opt, freq
1, 0.50008
2, 0.00675
3, 0.48783
4, 0.00534
