opt, freq
1, 0.27858
2, 0.21029
3, 0.28975
4, 0.22138
