opt, freq
1, 0.19439
2, 0.35671
3, 0.15842
4, 0.29048
