opt, freq
1, 0.06446
2, 0.23998
3, 0.14647
4, 0.54909
