opt, freq
1, 0.2303
2, 0.09691
3, 0.47759
4, 0.1952
