opt, freq
1, 0.44646
2, 0.16513
3, 0.28407
4, 0.10434
