opt, freq
1, 0.20441
2, 0.2001
3, 0.30181
4, 0.29368
