opt, freq
1, 0.34173
2, 0.43105
3, 0.09814
4, 0.12908
