opt, freq
1, 0.12716
2, 0.03801
3, 0.64219
4, 0.19264
