opt, freq
1, 0.13757
2, 0.09087
3, 0.47171
4, 0.29985
