opt, freq
1, 0.28182
2, 0.04349
3, 0.58545
4, 0.08924
