opt, freq
1, 0.30397
2, 0.03873
3, 0.58442
4, 0.07288
