opt, freq
1, 0.12856
2, 0.19764
3, 0.26677
4, 0.40703
