opt, freq
1, 0.2595
2, 0.10818
3, 0.44844
4, 0.18388
