opt, freq
1, 0.43532
2, 0.43907
3, 0.06138
4, 0.06423
