opt, freq
1, 0.11659
2, 0.13079
3, 0.35488
4, 0.39774
