opt, freq
1, 0.01747
2, 0.85626
3, 0.00231
4, 0.12396
