opt, freq
1, 0.08837
2, 0.05675
3, 0.51981
4, 0.33507
