opt, freq
1, 0.04264
2, 0.02106
3, 0.62779
4, 0.30851
