opt, freq
1, 0.11207
2, 0.03059
3, 0.67609
4, 0.18125
