opt, freq
1, 0.10714
2, 0.58609
3, 0.04844
4, 0.25833
