opt, freq
1, 0.86913
2, 0.08355
3, 0.04306
4, 0.00426
