opt, freq
1, 0.54457
2, 0.04201
3, 0.38442
4, 0.029
