opt, freq
1, 0.11121
2, 0.40269
3, 0.10428
4, 0.38182
