opt, freq
1, 0.19277
2, 0.5574
3, 0.06267
4, 0.18716
