opt, freq
1, 0.02357
2, 0.22288
3, 0.07186
4, 0.68169
