opt, freq
1, 0.05745
2, 0.89795
3, 0.00247
4, 0.04213
