opt, freq
1, 0.21235
2, 0.03262
3, 0.65609
4, 0.09894
