opt, freq
1, 0.43561
2, 0.23411
3, 0.21541
4, 0.11487
