opt, freq
1, 0.00751
2, 0.13936
3, 0.04721
4, 0.80592
