opt, freq
1, 0.01331
2, 0.71986
3, 0.00532
4, 0.26151
