opt, freq
1, 0.01163
2, 0.03399
3, 0.23935
4, 0.71503
