opt, freq
1, 0.04775
2, 0.17973
3, 0.16674
4, 0.60578
