opt, freq
1, 0.17625
2, 0.02862
3, 0.69082
4, 0.10431
