opt, freq
1, 0.17828
2, 0.57315
3, 0.05888
4, 0.18969
