opt, freq
1, 0.01082
2, 0.30018
3, 0.02514
4, 0.66386
