opt, freq
1, 0.23065
2, 0.6006
3, 0.04634
4, 0.12241
