opt, freq
1, 0.42229
2, 0.31139
3, 0.15271
4, 0.11361
