opt, freq
1, 0.4958
2, 0.33935
3, 0.09807
4, 0.06678
