opt, freq
1, 0.35179
2, 0.36002
3, 0.14195
4, 0.14624
