opt, freq
1, 0.01373
2, 0.01062
3, 0.53792
4, 0.43773
