opt, freq
1, 0.31418
2, 0.25713
3, 0.23809
4, 0.1906
