opt, freq
1, 0.06097
2, 0.12773
3, 0.25314
4, 0.55816
