opt, freq
1, 0.0166
2, 0.09021
3, 0.14004
4, 0.75315
