opt, freq
1, 0.01173
2, 0.01353
3, 0.44043
4, 0.53431
