opt, freq
1, 0.1296
2, 0.09693
3, 0.44221
4, 0.33126
