opt, freq
1, 0.07707
2, 0.12832
3, 0.29615
4, 0.49846
