opt, freq
1, 0.74351
2, 0.1483
3, 0.09048
4, 0.01771
