opt, freq
1, 0.34592
2, 0.52747
3, 0.05028
4, 0.07633
