opt, freq
1, 0.13125
2, 0.13681
3, 0.36081
4, 0.37113
