opt, freq
1, 0.62144
2, 0.00801
3, 0.36621
4, 0.00434
