opt, freq
1, 0.13628
2, 0.2548
3, 0.21355
4, 0.39537
