opt, freq
1, 0.01618
2, 0.00879
3, 0.61406
4, 0.36097
