opt, freq
1, 0.30179
2, 0.33143
3, 0.17367
4, 0.19311
