opt, freq
1, 0.62637
2, 0.18682
3, 0.14413
4, 0.04268
