opt, freq
1, 0.1368
2, 0.13041
3, 0.37427
4, 0.35852
