opt, freq
1, 0.1396
2, 0.10365
3, 0.4319
4, 0.32485
