opt, freq
1, 0.17799
2, 0.7173
3, 0.01998
4, 0.08473
