opt, freq
1, 0.48689
2, 0.11526
3, 0.32071
4, 0.07714
