opt, freq
1, 0.00938
2, 0.01622
3, 0.32612
4, 0.64828
