opt, freq
1, 0.10786
2, 0.44314
3, 0.0871
4, 0.3619
