opt, freq
1, 0.04219
2, 0.06131
3, 0.36338
4, 0.53312
