opt, freq
1, 0.25996
2, 0.24663
3, 0.25527
4, 0.23814
