opt, freq
1, 0.77307
2, 0.22693
