opt, freq
1, 0.06149
2, 0.02328
3, 0.66974
4, 0.24549
