opt, freq
1, 0.84737
2, 0.08385
3, 0.06248
4, 0.0063
