opt, freq
1, 0.0691
2, 0.03383
3, 0.60125
4, 0.29582
