opt, freq
1, 0.27093
2, 0.23756
3, 0.26068
4, 0.23083
