opt, freq
1, 0.30376
2, 0.30844
3, 0.19095
4, 0.19685
