opt, freq
1, 0.07328
2, 0.03281
3, 0.61527
4, 0.27864
