opt, freq
1, 0.4088
2, 0.30404
3, 0.16527
4, 0.12189
