opt, freq
1, 0.39808
2, 0.23085
3, 0.23408
4, 0.13699
