opt, freq
1, 0.05804
2, 0.0046
3, 0.86853
4, 0.06883
