opt, freq
1, 0.09732
2, 0.04904
3, 0.57164
4, 0.282
