opt, freq
1, 0.20048
2, 0.63405
3, 0.03845
4, 0.12702
