opt, freq
1, 0.09946
2, 0.29107
3, 0.15538
4, 0.45409
