opt, freq
1, 0.13275
2, 0.70206
3, 0.02594
4, 0.13925
