opt, freq
1, 0.29708
2, 0.03098
3, 0.61076
4, 0.06118
