opt, freq
1, 0.00266
2, 0.0025
3, 0.48656
4, 0.50828
