opt, freq
1, 0.27834
2, 0.72166
