opt, freq
1, 0.31431
2, 0.2975
3, 0.19858
4, 0.18961
