opt, freq
1, 0.11006
2, 0.32003
3, 0.14493
4, 0.42498
