opt, freq
1, 0.80873
2, 0.16347
3, 0.02276
4, 0.00504
