opt, freq
1, 0.16083
2, 0.65263
3, 0.03643
4, 0.15011
