opt, freq
1, 0.03141
2, 0.07518
3, 0.26236
4, 0.63105
