opt, freq
1, 0.43282
2, 0.03393
3, 0.49588
4, 0.03737
