opt, freq
1, 0.35221
2, 0.07363
3, 0.47523
4, 0.09893
