opt, freq
1, 0.27321
2, 0.11268
3, 0.43344
4, 0.18067
