opt, freq
1, 0.01081
2, 0.17798
3, 0.04696
4, 0.76425
