opt, freq
1, 0.08511
2, 0.12185
3, 0.32649
4, 0.46655
