opt, freq
1, 0.07934
2, 0.37285
3, 0.09576
4, 0.45205
