opt, freq
1, 0.30946
2, 0.29652
3, 0.19995
4, 0.19407
