opt, freq
1, 0.17772
2, 0.2314
3, 0.25699
4, 0.33389
