opt, freq
1, 0.10447
2, 0.76951
3, 0.01396
4, 0.11206
