opt, freq
1, 0.70517
2, 0.10562
3, 0.16487
4, 0.02434
