opt, freq
1, 0.02642
2, 0.09981
3, 0.18732
4, 0.68645
