opt, freq
1, 0.17767
2, 0.51569
3, 0.07809
4, 0.22855
