opt, freq
1, 0.52352
2, 0.10713
3, 0.30736
4, 0.06199
