opt, freq
1, 0.19295
2, 0.68155
3, 0.02698
4, 0.09852
