opt, freq
1, 0.6892
2, 0.10245
3, 0.18123
4, 0.02712
