opt, freq
1, 0.05761
2, 0.0909
3, 0.33148
4, 0.52001
