opt, freq
1, 0.00688
2, 0.12037
3, 0.04915
4, 0.8236
