opt, freq
1, 0.74665
2, 0.02286
3, 0.22348
4, 0.00701
