opt, freq
1, 0.92389
2, 0.06817
3, 0.00739
4, 0.00055
