opt, freq
1, 0.28924
2, 0.52382
3, 0.06497
4, 0.12197
