opt, freq
1, 0.44302
2, 0.49143
3, 0.02961
4, 0.03594
