opt, freq
1, 0.17106
2, 0.01396
3, 0.75596
4, 0.05902
