opt, freq
1, 0.12037
2, 0.34904
3, 0.13481
4, 0.39578
