opt, freq
1, 0.07965
2, 0.06511
3, 0.47219
4, 0.38305
