opt, freq
1, 0.1919
2, 0.11527
3, 0.43522
4, 0.25761
