opt, freq
1, 0.08475
2, 0.64852
3, 0.03173
4, 0.235
