opt, freq
1, 0.46371
2, 0.51116
3, 0.01151
4, 0.01362
