opt, freq
1, 0.09427
2, 0.17462
3, 0.25694
4, 0.47417
