opt, freq
1, 0.04065
2, 0.08709
3, 0.27091
4, 0.60135
