opt, freq
1, 0.72543
2, 0.02381
3, 0.24348
4, 0.00728
