opt, freq
1, 0.00323
2, 0.00293
3, 0.2311
4, 0.76274
