opt, freq
1, 0.22753
2, 0.64871
3, 0.03136
4, 0.0924
