opt, freq
1, 0.69069
2, 0.30307
3, 0.00401
4, 0.00223
