opt, freq
1, 0.39836
2, 0.51581
3, 0.0362
4, 0.04963
