opt, freq
1, 0.00467
2, 0.08398
3, 0.05044
4, 0.86091
