opt, freq
1, 0.6671
2, 0.08306
3, 0.22248
4, 0.02736
