opt, freq
1, 0.12973
2, 0.01387
3, 0.77589
4, 0.08051
