opt, freq
1, 0.47204
2, 0.16013
3, 0.27744
4, 0.09039
