opt, freq
1, 0.05909
2, 0.04842
3, 0.49218
4, 0.40031
