opt, freq
1, 0.03765
2, 0.08924
3, 0.25578
4, 0.61733
