opt, freq
1, 0.21742
2, 0.77825
3, 0.00021
4, 0.00412
