opt, freq
1, 0.12817
2, 0.34232
3, 0.14518
4, 0.38433
