opt, freq
1, 0.22876
2, 0.1569
3, 0.36335
4, 0.25099
