opt, freq
1, 0.79298
2, 0.20702
