opt, freq
1, 0.27022
2, 0.03526
3, 0.61776
4, 0.07676
