opt, freq
1, 0.11789
2, 0.00471
3, 0.84878
4, 0.02862
