opt, freq
1, 0.61883
2, 0.09138
3, 0.25247
4, 0.03732
