opt, freq
1, 0.04878
2, 0.78418
3, 0.01007
4, 0.15697
