opt, freq
1, 0.07779
2, 0.10944
3, 0.33589
4, 0.47688
