opt, freq
1, 0.15972
2, 0.00273
3, 0.8266
4, 0.01095
