opt, freq
1, 0.14261
2, 0.08438
3, 0.48633
4, 0.28668
