opt, freq
1, 0.21953
2, 0.57583
3, 0.05559
4, 0.14905
