opt, freq
1, 0.39007
2, 0.54453
3, 0.02682
4, 0.03858
