opt, freq
1, 0.20319
2, 0.26706
3, 0.22836
4, 0.30139
