opt, freq
1, 0.39771
2, 0.07027
3, 0.45032
4, 0.0817
