opt, freq
1, 0.37166
2, 0.21843
3, 0.25876
4, 0.15115
