opt, freq
1, 0.03686
2, 0.87865
3, 0.00303
4, 0.08146
