opt, freq
1, 0.55889
2, 0.00732
3, 0.42897
4, 0.00482
