opt, freq
1, 0.53004
2, 0.42396
3, 0.0244
4, 0.0216
