opt, freq
1, 0.37707
2, 0.1523
3, 0.33528
4, 0.13535
