opt, freq
1, 0.06128
2, 0.10417
3, 0.30915
4, 0.5254
