opt, freq
1, 0.66753
2, 0.24555
3, 0.06309
4, 0.02383
