opt, freq
1, 0.2258
2, 0.58681
3, 0.05137
4, 0.13602
