opt, freq
1, 0.04676
2, 0.44487
3, 0.04958
4, 0.45879
