opt, freq
1, 0.09871
2, 0.32926
3, 0.13291
4, 0.43912
