opt, freq
1, 0.23538
2, 0.55923
3, 0.05969
4, 0.1457
