opt, freq
1, 0.50815
2, 0.01779
3, 0.4593
4, 0.01476
