opt, freq
1, 0.57139
2, 0.11764
3, 0.25849
4, 0.05248
