opt, freq
1, 0.08046
2, 0.91515
4, 0.00439
