opt, freq
1, 0.29839
2, 0.19078
3, 0.31119
4, 0.19964
