opt, freq
1, 0.10362
2, 0.48836
3, 0.07026
4, 0.33776
