opt, freq
1, 0.54954
2, 0.24402
3, 0.14255
4, 0.06389
