opt, freq
1, 0.58727
2, 0.3668
3, 0.02709
4, 0.01884
