opt, freq
1, 0.32349
2, 0.3878
3, 0.13115
4, 0.15756
