opt, freq
1, 0.35464
2, 0.45844
3, 0.08243
4, 0.10449
