opt, freq
1, 0.07842
2, 0.29181
3, 0.13633
4, 0.49344
