opt, freq
1, 0.27097
2, 0.30087
3, 0.20277
4, 0.22539
