opt, freq
1, 0.80823
2, 0.18482
3, 0.00564
4, 0.00131
