opt, freq
1, 0.26001
2, 0.47023
3, 0.09512
4, 0.17464
