opt, freq
1, 0.39731
2, 0.00559
3, 0.59049
4, 0.00661
