opt, freq
1, 0.35122
2, 0.58402
3, 0.02361
4, 0.04115
