opt, freq
1, 0.27729
2, 0.59579
3, 0.03887
4, 0.08805
