opt, freq
1, 0.52886
2, 0.28335
3, 0.12275
4, 0.06504
