opt, freq
1, 0.35633
2, 0.14745
3, 0.35233
4, 0.14389
