opt, freq
1, 0.12171
2, 0.00215
3, 0.86416
4, 0.01198
