opt, freq
1, 0.2243
2, 0.44814
3, 0.11029
4, 0.21727
