opt, freq
1, 0.55119
2, 0.05529
3, 0.35748
4, 0.03604
