opt, freq
1, 0.4878
2, 0.06182
3, 0.40015
4, 0.05023
