opt, freq
1, 0.02851
2, 0.11815
3, 0.1655
4, 0.68784
