opt, freq
1, 0.38724
2, 0.05776
3, 0.48304
4, 0.07196
