opt, freq
1, 0.02002
2, 0.00211
3, 0.8885
4, 0.08937
