opt, freq
1, 0.16507
2, 0.24063
3, 0.24047
4, 0.35383
