opt, freq
1, 0.18533
2, 0.26523
3, 0.22767
4, 0.32177
