opt, freq
1, 0.20266
2, 0.73151
3, 0.01381
4, 0.05202
