opt, freq
1, 0.57769
2, 0.23294
3, 0.13391
4, 0.05546
