opt, freq
1, 0.3689
2, 0.17966
3, 0.30252
4, 0.14892
