opt, freq
1, 0.00097
2, 0.02546
3, 0.03427
4, 0.9393
