opt, freq
1, 0.176
2, 0.29324
3, 0.19989
4, 0.33087
