opt, freq
1, 0.12726
2, 0.30275
3, 0.16764
4, 0.40235
