opt, freq
1, 0.27112
2, 0.70427
3, 0.0064
4, 0.01821
