opt, freq
1, 0.21185
2, 0.21939
3, 0.28042
4, 0.28834
