opt, freq
1, 0.1638
2, 0.02168
3, 0.72264
4, 0.09188
