opt, freq
1, 0.30682
2, 0.13932
3, 0.38237
4, 0.17149
