opt, freq
1, 0.23954
2, 0.7561
3, 0.00037
4, 0.00399
