opt, freq
1, 0.13232
2, 0.05493
3, 0.57761
4, 0.23514
