opt, freq
1, 0.10149
2, 0.24571
3, 0.19173
4, 0.46107
