opt, freq
1, 0.11799
2, 0.04863
3, 0.58884
4, 0.24454
