opt, freq
1, 0.01002
2, 0.01608
3, 0.34264
4, 0.63126
