opt, freq
1, 0.44687
2, 0.5283
3, 0.01064
4, 0.01419
