opt, freq
1, 0.05571
2, 0.85969
3, 0.00483
4, 0.07977
