opt, freq
1, 0.42436
2, 0.0642
3, 0.44409
4, 0.06735
