opt, freq
1, 0.03318
2, 0.00998
3, 0.73665
4, 0.22019
