opt, freq
1, 0.41423
2, 0.03234
3, 0.51404
4, 0.03939
