opt, freq
1, 0.14812
2, 0.07934
3, 0.5045
4, 0.26804
