opt, freq
1, 0.20509
2, 0.28563
3, 0.21151
4, 0.29777
