opt, freq
1, 0.4536
2, 0.46111
3, 0.04235
4, 0.04294
