opt, freq
1, 0.1667
2, 0.6683
3, 0.03258
4, 0.13242
