opt, freq
1, 0.19181
2, 0.27533
3, 0.22082
4, 0.31204
