opt, freq
1, 0.08411
2, 0.3463
3, 0.11215
4, 0.45744
