opt, freq
1, 0.12729
2, 0.13858
3, 0.34799
4, 0.38614
