opt, freq
1, 0.21067
2, 0.38126
3, 0.14275
4, 0.26532
