opt, freq
1, 0.53295
2, 0.17817
3, 0.21705
4, 0.07183
