opt, freq
1, 0.24842
2, 0.20185
3, 0.30453
4, 0.2452
