opt, freq
1, 0.15301
2, 0.7012
3, 0.02561
4, 0.12018
