opt, freq
1, 0.12567
2, 0.6689
3, 0.03187
4, 0.17356
