opt, freq
1, 0.34026
2, 0.12678
3, 0.38891
4, 0.14405
