opt, freq
1, 0.69645
2, 0.27755
3, 0.01813
4, 0.00787
