opt, freq
1, 0.13137
2, 0.01068
3, 0.79501
4, 0.06294
