opt, freq
2, 0.0017
3, 0.94479
4, 0.05351
