opt, freq
1, 0.19361
2, 0.23503
3, 0.25844
4, 0.31292
