opt, freq
1, 0.58346
2, 0.04504
3, 0.34636
4, 0.02514
