opt, freq
1, 0.17421
2, 0.38142
3, 0.13969
4, 0.30468
