opt, freq
1, 0.42043
2, 0.19008
3, 0.26865
4, 0.12084
