opt, freq
1, 0.05762
2, 0.23095
3, 0.13798
4, 0.57345
