opt, freq
1, 0.15236
2, 0.19843
3, 0.2798
4, 0.36941
