opt, freq
1, 0.03542
2, 0.00868
3, 0.75358
4, 0.20232
