opt, freq
1, 0.02598
2, 0.16164
3, 0.10951
4, 0.70287
