opt, freq
1, 0.24479
2, 0.14313
3, 0.38846
4, 0.22362
