opt, freq
1, 0.44307
2, 0.14621
3, 0.3084
4, 0.10232
