opt, freq
1, 0.05512
2, 0.00737
3, 0.83218
4, 0.10533
