opt, freq
1, 0.10474
2, 0.20882
3, 0.22872
4, 0.45772
