opt, freq
1, 0.49143
2, 0.1985
3, 0.22093
4, 0.08914
