opt, freq
1, 0.20577
2, 0.4466
3, 0.10933
4, 0.2383
