opt, freq
1, 0.056
2, 0.15189
3, 0.21723
4, 0.57488
