opt, freq
1, 0.44579
2, 0.30387
3, 0.14843
4, 0.10191
