opt, freq
1, 0.04934
2, 0.45931
3, 0.04765
4, 0.4437
