opt, freq
1, 0.13137
2, 0.11528
3, 0.40095
4, 0.3524
