opt, freq
1, 0.24016
2, 0.12759
3, 0.41047
4, 0.22178
