opt, freq
1, 0.19353
2, 0.13454
3, 0.39711
4, 0.27482
