opt, freq
1, 0.04612
2, 0.30102
3, 0.08827
4, 0.56459
