opt, freq
1, 0.57616
2, 0.2554
3, 0.11641
4, 0.05203
