opt, freq
1, 0.08288
2, 0.02009
3, 0.72075
4, 0.17628
