opt, freq
1, 0.21027
2, 0.41902
3, 0.12378
4, 0.24693
