opt, freq
1, 0.19777
2, 0.47576
3, 0.09535
4, 0.23112
