opt, freq
1, 0.09702
2, 0.21261
3, 0.2167
4, 0.47367
