opt, freq
1, 0.13687
2, 0.71893
3, 0.02202
4, 0.12218
