opt, freq
1, 0.51574
2, 0.48426
