opt, freq
1, 0.23881
2, 0.29092
3, 0.21244
4, 0.25783
