opt, freq
1, 0.71094
2, 0.0377
3, 0.23864
4, 0.01272
