opt, freq
1, 0.00192
2, 0.14527
3, 0.01391
4, 0.8389
