opt, freq
1, 0.36291
2, 0.55329
3, 0.03245
4, 0.05135
