opt, freq
1, 0.28332
2, 0.24985
3, 0.24808
4, 0.21875
