opt, freq
1, 0.46046
2, 0.37353
3, 0.0917
4, 0.07431
