opt, freq
1, 0.1125
2, 0.11339
3, 0.38074
4, 0.39337
