opt, freq
1, 0.22485
2, 0.08293
3, 0.50628
4, 0.18594
