opt, freq
1, 0.5011
2, 0.14914
3, 0.2701
4, 0.07966
