opt, freq
1, 0.04696
2, 0.74531
3, 0.01191
4, 0.19582
