opt, freq
1, 0.44628
2, 0.18283
3, 0.26392
4, 0.10697
