opt, freq
1, 0.01939
2, 0.18736
3, 0.07536
4, 0.71789
