opt, freq
1, 0.66007
2, 0.29289
3, 0.03211
4, 0.01493
