opt, freq
1, 0.1879
2, 0.07817
3, 0.51935
4, 0.21458
