opt, freq
1, 0.58123
2, 0.00716
3, 0.40713
4, 0.00448
