opt, freq
1, 0.25906
2, 0.12846
3, 0.41082
4, 0.20166
