opt, freq
1, 0.23275
2, 0.11364
3, 0.43725
4, 0.21636
