opt, freq
1, 0.19185
2, 0.29758
3, 0.19993
4, 0.31064
