opt, freq
1, 0.40516
2, 0.44834
3, 0.06864
4, 0.07786
