opt, freq
1, 0.25807
2, 0.55657
3, 0.05801
4, 0.12735
