opt, freq
1, 0.20671
2, 0.48759
3, 0.09051
4, 0.21519
