opt, freq
1, 0.11926
2, 0.02258
3, 0.72754
4, 0.13062
