opt, freq
1, 0.52424
2, 0.04188
3, 0.40378
4, 0.0301
