opt, freq
1, 0.04181
2, 0.16326
3, 0.16613
4, 0.6288
