opt, freq
1, 0.51719
2, 0.09068
3, 0.33341
4, 0.05872
