opt, freq
1, 0.01502
2, 0.01007
3, 0.5531
4, 0.42181
