opt, freq
1, 0.53393
2, 0.21673
3, 0.1766
4, 0.07274
