opt, freq
1, 0.37619
2, 0.62381
