opt, freq
1, 0.04218
2, 0.26577
3, 0.09367
4, 0.59838
