opt, freq
1, 0.48546
2, 0.16411
3, 0.26337
4, 0.08706
