opt, freq
1, 0.28235
2, 0.4697
3, 0.09094
4, 0.15701
