opt, freq
1, 0.02568
2, 0.24268
3, 0.06943
4, 0.66221
