opt, freq
1, 0.30316
2, 0.1245
3, 0.40421
4, 0.16813
