opt, freq
1, 0.32086
2, 0.08666
3, 0.46661
4, 0.12587
