opt, freq
1, 0.11156
2, 0.01193
3, 0.79572
4, 0.08079
