opt, freq
1, 0.45276
2, 0.28125
3, 0.16101
4, 0.10498
