opt, freq
1, 0.02205
2, 0.37027
3, 0.03436
4, 0.57332
