opt, freq
1, 0.53813
2, 0.03065
3, 0.40968
4, 0.02154
