opt, freq
1, 0.122
2, 0.75112
3, 0.01712
4, 0.10976
