opt, freq
1, 0.81834
2, 0.08713
3, 0.08589
4, 0.00864
