opt, freq
1, 0.85153
3, 0.14847
