opt, freq
1, 0.26469
2, 0.07997
3, 0.50593
4, 0.14941
