opt, freq
1, 0.01297
2, 0.236
3, 0.0427
4, 0.70833
