opt, freq
1, 0.18095
2, 0.33262
3, 0.17124
4, 0.31519
