opt, freq
1, 0.42549
2, 0.28846
3, 0.17022
4, 0.11583
