opt, freq
1, 0.24905
2, 0.05891
3, 0.55986
4, 0.13218
