opt, freq
1, 0.09677
2, 0.71836
3, 0.0213
4, 0.16357
