opt, freq
1, 0.51769
2, 0.35559
3, 0.07461
4, 0.05211
