opt, freq
1, 0.15107
2, 0.15964
3, 0.33842
4, 0.35087
