opt, freq
1, 0.46482
2, 0.18921
3, 0.24597
4, 0.1
