opt, freq
1, 0.85216
2, 0.14784
