opt, freq
1, 0.75679
2, 0.17523
3, 0.05541
4, 0.01257
