opt, freq
1, 0.83066
2, 0.08206
3, 0.07955
4, 0.00773
