opt, freq
1, 0.21961
2, 0.12969
3, 0.41043
4, 0.24027
