opt, freq
1, 0.15365
2, 0.80168
3, 0.00662
4, 0.03805
