opt, freq
1, 0.21383
2, 0.55906
3, 0.06124
4, 0.16587
