opt, freq
1, 0.59297
2, 0.21653
3, 0.14025
4, 0.05025
