opt, freq
1, 0.05303
2, 0.61809
3, 0.02536
4, 0.30352
