opt, freq
1, 0.48369
2, 0.14745
3, 0.28416
4, 0.0847
