opt, freq
1, 0.09862
2, 0.18609
3, 0.23624
4, 0.47905
