opt, freq
1, 0.07213
2, 0.17894
3, 0.21341
4, 0.53552
