opt, freq
1, 0.22718
2, 0.20456
3, 0.27569
4, 0.29257
