opt, freq
1, 0.57232
2, 0.15572
3, 0.19085
4, 0.08111
