opt, freq
1, 0.76267
2, 0.09959
3, 0.11322
4, 0.02452
