opt, freq
1, 0.04071
2, 0.16262
3, 0.16091
4, 0.63576
