opt, freq
1, 0.04141
2, 0.15925
3, 0.15895
4, 0.64039
