opt, freq
1, 0.042
2, 0.16052
3, 0.16536
4, 0.63212
