opt, p1, p2, p3, p4
1, 0.699992, 0.799983, 0.844437, 0.893415
2, 0.700106, 0.800005, 0.846031, 0.396322
3, 0.700105, 0.799884, 0.340296, 0.891704
4, 0.699615, 0.800435, 0.346529, 0.391026
