opt, p1, p2, p3, p4
1, 0, 0.95997, 0.501, 0.969394
2, 0, 0.960761, 0.501887, 0.469633
