opt, p1, p2, p3, p4
1, 0.400139, 0.400139, 0.693808, 0.694092
2, 0.399992, 0.399992, 0.697671, 0.193827
3, 0.399995, 0.399995, 0.194539, 0.695024
4, 0.399941, 0.399941, 0.195412, 0.192189
