opt, p1, p2, p3, p4
2, 1, 0.640004, 0.996929, 0.594018
3, 1, 0.640087, 0.494353, 0.814255
4, 1, 0.640306, 0.498944, 0.313484
