opt, p1, p2, p3, p4
1, 0, 0.439929, 0.499706, 0.712735
2, 0, 0.440099, 0.500401, 0.212455
