opt, p1, p2, p3, p4
1, 0.899931, 0.0999919, 0.949564, 0.551485
2, 0.900008, 0.099999, 0.948401, 0.0503528
3, 0.899261, 0.100069, 0.449778, 0.548349
4, 0.899932, 0.0999924, 0.454446, 0.0487778
