opt, p1, p2, p3, p4
1, 0.799875, 0.199969, 0.897349, 0.597231
2, 0.80003, 0.200007, 0.898789, 0.0983591
3, 0.800488, 0.200122, 0.394916, 0.595828
4, 0.799882, 0.19997, 0.399746, 0.0956977
