opt, p1, p2, p3, p4
1, 0.70011, 0.5, 0.845695, 0.744811
2, 0.700107, 0.5, 0.84699, 0.246462
3, 0.699831, 0.5, 0.343628, 0.744348
4, 0.699856, 0.5, 0.3486, 0.242611
