opt, p1, p2, p3, p4
1, 0.539695, 0, 0.768422, 0.499816
3, 0.539617, 0, 0.266466, 0.499554
