opt, p1, p2, p3, p4
2, 1, 0.04, 0.999257, 0.499957
3, 1, 0.0400261, 0.498943, 0.516514
4, 1, 0.0400003, 0.528099, 0.0168267
