opt, p1, p2, p3, p4
1, 0.279931, 0, 0.635692, 0.498062
3, 0.279916, 0, 0.136012, 0.502166
