opt, p1, p2, p3, p4
1, 0.599765, 0, 0.796822, 0.500779
3, 0.599883, 0, 0.297447, 0.501965
