opt, p1, p2, p3, p4
2, 1, 0.24, 0.998268, 0.52057
3, 1, 0.24018, 0.496979, 0.615946
4, 1, 0.240057, 0.502402, 0.115081
