opt, p1, p2, p3, p4
1, 0, 0.100022, 0.499822, 0.544896
2, 0, 0.0999922, 0.50008, 0.043964
