opt, p1, p2, p3, p4
1, 0.5, 0.700112, 0.743825, 0.842649
2, 0.5, 0.699832, 0.745607, 0.345423
3, 0.5, 0.700108, 0.242073, 0.842418
4, 0.5, 0.699862, 0.245176, 0.340203
