opt, p1, p2, p3, p4
1, 0.5, 0.299891, 0.747543, 0.646512
2, 0.5, 0.300016, 0.746208, 0.145871
3, 0.5, 0.299895, 0.244391, 0.643079
4, 0.5, 0.300025, 0.245782, 0.143985
