opt, p1, p2, p3, p4
1, 0.799917, 0.5, 0.89612, 0.746042
2, 0.799921, 0.5, 0.896406, 0.248144
3, 0.800319, 0.5, 0.395469, 0.744526
4, 0.800294, 0.5, 0.398555, 0.243446
