opt, p1, p2, p3, p4
1, 0, 0.320169, 0.500706, 0.654314
2, 0, 0.319986, 0.502668, 0.152287
