opt, p1, p2, p3, p4
1, 0.200124, 0.200124, 0.594048, 0.593862
2, 0.19997, 0.19997, 0.594337, 0.0936998
3, 0.19997, 0.19997, 0.0942046, 0.594364
4, 0.200007, 0.200007, 0.0962554, 0.094331
