opt, p1, p2, p3, p4
1, 0, 0.640095, 0.499042, 0.811968
2, 0, 0.640305, 0.500602, 0.310772
