opt, p1, p2, p3, p4
1, 0, 0, 0.499794, 0.499515
