opt, p1, p2, p3, p4
1, 0.100048, 0.5, 0.541126, 0.742973
2, 0.100044, 0.5, 0.543353, 0.242778
3, 0.100004, 0.5, 0.0427089, 0.742302
4, 0.100004, 0.5, 0.0433147, 0.241909
