opt, p1, p2, p3, p4
1, 0, 0.699894, 0.500748, 0.841651
2, 0, 0.699534, 0.499543, 0.341101
