opt, p1, p2, p3, p4
1, 0.200131, 0.100066, 0.595524, 0.54637
2, 0.199992, 0.0999958, 0.594483, 0.044745
3, 0.199968, 0.099984, 0.0948894, 0.54458
4, 0.200001, 0.100001, 0.0960978, 0.0438246
