opt, p1, p2, p3, p4
1, 0.160098, 0, 0.575519, 0.499201
3, 0.159998, 0, 0.0751794, 0.500857
