opt, p1, p2, p3, p4
2, 1, 0.739998, 0.996358, 0.641357
3, 1, 0.740185, 0.493929, 0.863789
4, 1, 0.739459, 0.498818, 0.364814
