opt, p1, p2, p3, p4
1, 0.939952, 0, 0.969357, 0.49513
3, 0.939811, 0, 0.46856, 0.499661
