opt, p1, p2, p3, p4
1, 0.900011, 0.900011, 0.945121, 0.943913
2, 0.899954, 0.899954, 0.946692, 0.449547
3, 0.899984, 0.899984, 0.441471, 0.94266
4, 0.899285, 0.899285, 0.446673, 0.44363
