opt, p1, p2, p3, p4
1, 0.879906, 0, 0.938364, 0.49576
3, 0.880118, 0, 0.439163, 0.499871
