opt, p1, p2, p3, p4
1, 0, 0.339879, 0.500071, 0.662507
2, 0, 0.339916, 0.499446, 0.162419
