opt, p1, p2, p3, p4
1, 0.640082, 0, 0.817932, 0.498074
3, 0.64031, 0, 0.317861, 0.501199
