opt, p1, p2, p3, p4
1, 0.0200006, 0.919944, 0.497938, 0.950115
2, 0.0200126, 0.921101, 0.503351, 0.450564
4, 0.02, 0.920004, 0.00278601, 0.306954
