opt, p1, p2, p3, p4
1, 0.100069, 0.100069, 0.547814, 0.545904
2, 0.0999925, 0.0999925, 0.547254, 0.0476175
3, 0.0999927, 0.0999927, 0.0479046, 0.544648
4, 0.0999991, 0.0999991, 0.0478631, 0.047657
