opt, p1, p2, p3, p4
1, 0.8201, 0, 0.908481, 0.501048
3, 0.820265, 0, 0.40869, 0.49981
