opt, p1, p2, p3, p4
1, 0.179901, 0, 0.585386, 0.500966
3, 0.179993, 0, 0.084846, 0.501332
