opt, p1, p2, p3, p4
1, 0.5, 0.899947, 0.740027, 0.942254
2, 0.5, 0.899925, 0.744829, 0.441673
3, 0.5, 0.899948, 0.242935, 0.940956
4, 0.5, 0.899979, 0.245264, 0.438385
