opt, p1, p2, p3, p4
1, 0.100024, 0, 0.544488, 0.498482
3, 0.0999914, 0, 0.0453131, 0.496707
