opt, p1, p2, p3, p4
2, 1, 0.619997, 0.997028, 0.594601
3, 1, 0.619791, 0.496258, 0.804407
4, 1, 0.619805, 0.49971, 0.302908
