opt, p1, p2, p3, p4
1, 0, 0.0800514, 0.50069, 0.533619
2, 0, 0.0799958, 0.504042, 0.033937
