opt, p1, p2, p3, p4
1, 0.899944, 0.399996, 0.946838, 0.696505
2, 0.899966, 0.400015, 0.948126, 0.194885
3, 0.89966, 0.400219, 0.446672, 0.695311
4, 0.900271, 0.400121, 0.450401, 0.194954
