opt, p1, p2, p3, p4
1, 0.0999892, 0.900004, 0.539182, 0.940634
2, 0.100069, 0.899266, 0.542255, 0.43987
3, 0.0999991, 0.900007, 0.0399791, 0.940498
4, 0.0999952, 0.899937, 0.042712, 0.4345
