opt, p1, p2, p3, p4
1, 0.0200004, 1, 0.495752, 0.989486
2, 0.0200131, 1, 0.502656, 0.490121
4, 0.02, 1, 0.00301284, 0.309428
