opt, p1, p2, p3, p4
1, 0.299911, 0.599821, 0.642612, 0.793345
2, 0.299879, 0.599759, 0.644026, 0.293418
3, 0.300032, 0.600064, 0.143382, 0.791511
4, 0.299992, 0.599984, 0.144513, 0.288898
