opt, p1, p2, p3, p4
1, 0.700082, 0.200006, 0.847849, 0.597768
2, 0.699967, 0.200001, 0.848048, 0.0967272
3, 0.699603, 0.200111, 0.346862, 0.593767
4, 0.700094, 0.199973, 0.349546, 0.094609
