opt, p1, p2, p3, p4
1, 0.299907, 0.200113, 0.645091, 0.594505
2, 0.300034, 0.199973, 0.64265, 0.0944997
3, 0.299937, 0.199997, 0.144789, 0.596201
4, 0.300013, 0.200005, 0.145798, 0.093975
