opt, p1, p2, p3, p4
1, 0, 0.919944, 0.503545, 0.949707
2, 0, 0.921105, 0.498833, 0.450566
