opt, p1, p2, p3, p4
1, 0, 0.240181, 0.500447, 0.614612
2, 0, 0.240051, 0.49772, 0.11293
