opt, p1, p2, p3, p4
1, 0.300025, 0.899934, 0.63876, 0.941804
2, 0.299988, 0.899495, 0.64335, 0.443169
3, 0.299992, 0.899982, 0.14125, 0.940754
4, 0.29993, 0.900224, 0.143467, 0.438904
