opt, p1, p2, p3, p4
2, 1, 0.720001, 0.996549, 0.61417
3, 1, 0.720089, 0.491571, 0.852772
4, 1, 0.719761, 0.49907, 0.352342
