opt, p1, p2, p3, p4
1, 0.5998, 0.200052, 0.796014, 0.594777
2, 0.600048, 0.199989, 0.797587, 0.0963249
3, 0.59974, 0.200097, 0.296872, 0.594596
4, 0.600063, 0.199977, 0.297036, 0.0946598
