opt, p1, p2, p3, p4
1, 0.799985, 0.699989, 0.894624, 0.845228
2, 0.799887, 0.700101, 0.896889, 0.345177
3, 0.800021, 0.700087, 0.392051, 0.843024
4, 0.800435, 0.699614, 0.397755, 0.341834
