opt, p1, p2, p3, p4
1, 0.800031, 0.800031, 0.897147, 0.896405
2, 0.799878, 0.799878, 0.898584, 0.400671
3, 0.799877, 0.799877, 0.395716, 0.896702
4, 0.800484, 0.800484, 0.397256, 0.398098
