opt, p1, p2, p3, p4
1, 0.0999829, 0.799863, 0.54008, 0.890565
2, 0.100065, 0.800517, 0.542014, 0.393092
3, 0.100001, 0.800007, 0.0416074, 0.891406
4, 0.0999976, 0.799981, 0.0427681, 0.384978
