opt, p1, p2, p3, p4
1, 0, 0.300077, 0.499004, 0.643396
2, 0, 0.299914, 0.499955, 0.142975
