opt, p1, p2, p3, p4
1, 0.400091, 0.5, 0.69318, 0.74377
2, 0.400074, 0.5, 0.694978, 0.244029
3, 0.399932, 0.5, 0.193394, 0.742569
4, 0.399933, 0.5, 0.195608, 0.242931
