opt, p1, p2, p3, p4
1, 0.839902, 0, 0.918446, 0.499867
3, 0.840124, 0, 0.419191, 0.499198
