opt, p1, p2, p3, p4
1, 0, 0.0200132, 0.499006, 0.504357
2, 0, 0.0200002, 0.485258, 0.00422081
