opt, p1, p2, p3, p4
1, 0, 0.59976, 0.500844, 0.79132
2, 0, 0.599837, 0.50094, 0.291117
