opt, p1, p2, p3, p4
1, 0.139914, 0, 0.565249, 0.498949
3, 0.140012, 0, 0.0655183, 0.495841
