opt, p1, p2, p3, p4
1, 0.5, 0.200081, 0.746574, 0.598002
2, 0.5, 0.199981, 0.746761, 0.0964211
3, 0.5, 0.200077, 0.246234, 0.595141
4, 0.5, 0.199983, 0.245269, 0.0938526
