opt, p1, p2, p3, p4
1, 0, 0.560074, 0.501432, 0.771053
2, 0, 0.560151, 0.501159, 0.271698
