opt, p1, p2, p3, p4
1, 0.460298, 0, 0.726641, 0.498225
3, 0.460179, 0, 0.227699, 0.49988
