opt, p1, p2, p3, p4
1, 0.0199997, 0.93995, 0.502505, 0.959952
2, 0.0200127, 0.93987, 0.503076, 0.461032
4, 0.02, 0.940002, 0.00302599, 0.279401
