opt, p1, p2, p3, p4
1, 0.600016, 0.899957, 0.794619, 0.942434
2, 0.599781, 0.900272, 0.794868, 0.443624
3, 0.60004, 0.899941, 0.290749, 0.94148
4, 0.59973, 0.899726, 0.294407, 0.440824
