opt, p1, p2, p3, p4
1, 0, 0.480313, 0.498915, 0.731686
2, 0, 0.48029, 0.497635, 0.231598
