opt, p1, p2, p3, p4
1, 0.860085, 0, 0.929167, 0.497162
3, 0.859548, 0, 0.428865, 0.499829
