opt, p1, p2, p3, p4
1, 0, 0.259816, 0.500258, 0.62327
2, 0, 0.259921, 0.501163, 0.123226
