opt, p1, p2, p3, p4
1, 0.799943, 0.600052, 0.895545, 0.795008
2, 0.799901, 0.600065, 0.896821, 0.297291
3, 0.800205, 0.599802, 0.395837, 0.792859
4, 0.800378, 0.599744, 0.397534, 0.293538
