opt, p1, p2, p3, p4
1, 0.41993, 0, 0.705791, 0.499686
3, 0.419933, 0, 0.205307, 0.498164
