opt, p1, p2, p3, p4
1, 0.679832, 0, 0.837585, 0.499885
3, 0.679757, 0, 0.338793, 0.502524
