opt, p1, p2, p3, p4
1, 0.899946, 0.0999912, 0.948344, 0.545581
2, 0.900008, 0.099999, 0.949088, 0.048945
3, 0.89926, 0.100069, 0.448283, 0.545491
4, 0.899934, 0.0999934, 0.455305, 0.0461096
