opt, p1, p2, p3, p4
1, 0.0600477, 0, 0.525775, 0.500648
3, 0.0599982, 0, 0.0249939, 0.497997
