opt, p1, p2, p3, p4
1, 0.199968, 0.799871, 0.59069, 0.891398
2, 0.200121, 0.800485, 0.594002, 0.393404
3, 0.200008, 0.800031, 0.092323, 0.89182
4, 0.199971, 0.799885, 0.0937018, 0.386426
