opt, p1, p2, p3, p4
2, 1, 0.12, 0.998939, 0.503632
3, 1, 0.120094, 0.497846, 0.555905
4, 1, 0.119996, 0.50471, 0.0562825
