opt, p1, p2, p3, p4
1, 0.40022, 0.100055, 0.695712, 0.545631
2, 0.400009, 0.100002, 0.697065, 0.045665
3, 0.400127, 0.100032, 0.195402, 0.54543
4, 0.400014, 0.100004, 0.200602, 0.0448185
