opt, p1, p2, p3, p4
1, 0.899937, 0.300023, 0.947604, 0.649871
2, 0.899988, 0.299992, 0.948129, 0.147883
3, 0.899499, 0.299985, 0.445278, 0.646338
4, 0.900232, 0.299923, 0.452432, 0.146337
