opt, p1, p2, p3, p4
1, 0.259817, 0, 0.625209, 0.499191
3, 0.259918, 0, 0.126647, 0.502184
