opt, p1, p2, p3, p4
1, 0, 0.61978, 0.499934, 0.801667
2, 0, 0.619802, 0.499531, 0.301013
