opt, p1, p2, p3, p4
1, 0.0200132, 0, 0.503134, 0.502202
3, 0.0200003, 0, 0.0045211, 0.505319
