opt, p1, p2, p3, p4
1, 0, 0.679826, 0.501213, 0.830752
2, 0, 0.679758, 0.500589, 0.33007
