opt, p1, p2, p3, p4
1, 0.100066, 0.200132, 0.544487, 0.595723
2, 0.0999841, 0.199968, 0.544893, 0.0944034
3, 0.0999961, 0.199992, 0.0437378, 0.594783
4, 0.100001, 0.200001, 0.0440323, 0.0957522
