opt, p1, p2, p3, p4
1, 0.660121, 0, 0.828129, 0.499783
3, 0.660138, 0, 0.327763, 0.500008
