opt, p1, p2, p3, p4
1, 0, 0.200137, 0.498436, 0.593701
2, 0, 0.199967, 0.501499, 0.0933941
