opt, p1, p2, p3, p4
1, 0.380198, 0, 0.687363, 0.497349
3, 0.3799, 0, 0.185729, 0.499569
