opt, p1, p2, p3, p4
1, 0.480311, 0, 0.737151, 0.502615
3, 0.480293, 0, 0.236664, 0.498904
