opt, p1, p2, p3, p4
1, 0.5, 0.79991, 0.745097, 0.893128
2, 0.5, 0.800314, 0.744239, 0.394681
3, 0.5, 0.799918, 0.243038, 0.89109
4, 0.5, 0.800288, 0.246128, 0.390566
