opt, p1, p2, p3, p4
1, 0.780039, 0, 0.888214, 0.500541
3, 0.780407, 0, 0.388394, 0.498571
