opt, p1, p2, p3, p4
1, 0.800033, 0.800033, 0.894042, 0.894961
2, 0.799877, 0.799877, 0.896321, 0.396778
3, 0.799874, 0.799874, 0.392852, 0.891873
4, 0.800478, 0.800478, 0.395657, 0.39246
