opt, p1, p2, p3, p4
1, 0.800031, 0.800031, 0.897564, 0.896288
2, 0.799877, 0.799877, 0.898927, 0.398084
3, 0.799877, 0.799877, 0.396717, 0.897014
4, 0.800483, 0.800483, 0.398216, 0.396048
