opt, p1, p2, p3, p4
1, 0, 0.160098, 0.499533, 0.573718
2, 0, 0.159998, 0.497598, 0.0735419
