opt, p1, p2, p3, p4
1, 0.919948, 0, 0.958994, 0.496302
3, 0.921119, 0, 0.458132, 0.501079
