opt, p1, p2, p3, p4
1, 0.299867, 0.299867, 0.644354, 0.64447
2, 0.299958, 0.299958, 0.645659, 0.143966
3, 0.299956, 0.299956, 0.143861, 0.642123
4, 0.300025, 0.300025, 0.146134, 0.14367
