opt, p1, p2, p3, p4
1, 0.200056, 0.599795, 0.593948, 0.792358
2, 0.200096, 0.599741, 0.593026, 0.292288
3, 0.19999, 0.600046, 0.0914897, 0.793666
4, 0.199978, 0.600062, 0.0937731, 0.290041
