opt, p1, p2, p3, p4
1, 0, 0.780004, 0.500739, 0.880685
2, 0, 0.780394, 0.498541, 0.379572
