opt, p1, p2, p3, p4
2, 1, 0.339998, 0.998, 0.562309
3, 1, 0.339879, 0.497606, 0.665571
4, 1, 0.339914, 0.500901, 0.1662
