opt, p1, p2, p3, p4
1, 0.740183, 0, 0.868653, 0.502792
3, 0.739436, 0, 0.367555, 0.500477
