opt, p1, p2, p3, p4
1, 0.700057, 0.700057, 0.846016, 0.844816
2, 0.700132, 0.700132, 0.846713, 0.346407
3, 0.700133, 0.700133, 0.344427, 0.842274
4, 0.699673, 0.699673, 0.346355, 0.342225
