opt, p1, p2, p3, p4
2, 1, 0.479999, 0.997466, 0.570788
3, 1, 0.480311, 0.495065, 0.734192
4, 1, 0.480291, 0.500147, 0.23446
