opt, p1, p2, p3, p4
1, 0, 0.460314, 0.49861, 0.722793
2, 0, 0.460156, 0.497682, 0.221882
