opt, p1, p2, p3, p4
1, 0.619804, 0, 0.807545, 0.502393
3, 0.619832, 0, 0.306983, 0.499882
