opt, p1, p2, p3, p4
1, 0.58007, 0, 0.787033, 0.499313
3, 0.580034, 0, 0.28747, 0.499254
