opt, p1, p2, p3, p4
1, 0.600067, 0.70009, 0.792018, 0.843797
2, 0.599833, 0.699984, 0.794196, 0.345833
3, 0.599948, 0.700123, 0.293165, 0.843348
4, 0.599764, 0.699749, 0.296242, 0.341535
