opt, p1, p2, p3, p4
1, 0.100036, 0.599774, 0.5429, 0.792
2, 0.100053, 0.599727, 0.544582, 0.292017
3, 0.100004, 0.599987, 0.0422027, 0.791629
4, 0.100004, 0.600021, 0.0434752, 0.283519
