opt, p1, p2, p3, p4
1, 0.199982, 0.899958, 0.59252, 0.940991
2, 0.20013, 0.899369, 0.593263, 0.441405
3, 0.200004, 0.900017, 0.0890938, 0.941096
4, 0.199969, 0.900135, 0.0929162, 0.439282
