opt, p1, p2, p3, p4
1, 0.5, 0.100047, 0.745992, 0.546142
2, 0.5, 0.100004, 0.748064, 0.0469485
3, 0.5, 0.100045, 0.246263, 0.544436
4, 0.5, 0.100004, 0.252146, 0.0452095
