opt, p1, p2, p3, p4
1, 0.300071, 0, 0.645409, 0.501736
3, 0.299912, 0, 0.145545, 0.499769
