opt, p1, p2, p3, p4
1, 0.0800513, 0, 0.534001, 0.499177
3, 0.0799961, 0, 0.0345758, 0.500033
