opt, p1, p2, p3, p4
2, 1, 0.920004, 0.996118, 0.652286
3, 1, 0.919945, 0.485077, 0.951781
4, 1, 0.921103, 0.498242, 0.451882
