opt, p1, p2, p3, p4
1, 0, 0.839897, 0.501851, 0.90968
2, 0, 0.840045, 0.500344, 0.410203
