opt, p1, p2, p3, p4
2, 1, 0.579999, 0.996964, 0.626395
3, 1, 0.58007, 0.49409, 0.783078
4, 1, 0.580057, 0.500758, 0.282766
