opt, p1, p2, p3, p4
1, 0.0199986, 0.95997, 0.498081, 0.96984
2, 0.0200129, 0.96076, 0.503852, 0.470915
4, 0.02, 0.959999, 0.00290468, 0.295349
