opt, p1, p2, p3, p4
1, 0, 0.400238, 0.500521, 0.692503
2, 0, 0.400145, 0.500777, 0.193515
