opt, p1, p2, p3, p4
1, 0.100017, 0.699955, 0.543116, 0.84241
2, 0.10006, 0.699564, 0.544207, 0.341361
3, 0.100003, 0.699983, 0.0410957, 0.840806
4, 0.100001, 0.699966, 0.0429216, 0.336824
