opt, p1, p2, p3, p4
1, 0.800019, 0.900009, 0.89438, 0.944826
2, 0.799869, 0.900163, 0.896451, 0.448978
3, 0.799933, 0.899935, 0.389958, 0.942218
4, 0.800512, 0.899394, 0.397113, 0.440351
