opt, p1, p2, p3, p4
1, 0.699929, 0, 0.848738, 0.501629
3, 0.699527, 0, 0.34727, 0.500477
