opt, p1, p2, p3, p4
1, 0.299943, 0.700136, 0.641162, 0.842028
2, 0.299869, 0.699662, 0.644648, 0.342845
3, 0.300027, 0.700046, 0.143084, 0.8415
4, 0.299964, 0.700127, 0.143884, 0.339114
