opt, p1, p2, p3, p4
1, 0.800031, 0.800031, 0.897227, 0.896788
2, 0.799878, 0.799878, 0.898079, 0.401784
3, 0.799878, 0.799878, 0.398642, 0.897323
4, 0.800486, 0.800486, 0.397632, 0.396166
