opt, p1, p2, p3, p4
1, 0.200101, 0.400201, 0.593045, 0.6938
2, 0.200046, 0.400092, 0.594474, 0.192029
3, 0.199977, 0.399954, 0.0934386, 0.690659
4, 0.199992, 0.399983, 0.0941871, 0.192808
