opt, p1, p2, p3, p4
1, 0.89996, 0.600011, 0.946222, 0.794344
2, 0.899945, 0.600034, 0.947416, 0.299746
3, 0.900263, 0.59978, 0.444407, 0.794068
4, 0.899708, 0.599728, 0.449731, 0.294563
