opt, p1, p2, p3, p4
1, 0.599909, 0.5, 0.795262, 0.745857
2, 0.599924, 0.5, 0.796618, 0.245667
3, 0.599817, 0.5, 0.294429, 0.744456
4, 0.599827, 0.5, 0.296492, 0.242993
