opt, p1, p2, p3, p4
1, 0.899934, 0.199987, 0.948021, 0.599309
2, 0.900016, 0.200003, 0.948514, 0.0975541
3, 0.89936, 0.20013, 0.446241, 0.595995
4, 0.900147, 0.199968, 0.450513, 0.0954708
