opt, p1, p2, p3, p4
1, 0.100063, 0.100063, 0.545131, 0.545402
2, 0.0999939, 0.0999939, 0.543087, 0.0441897
3, 0.0999935, 0.0999935, 0.0442277, 0.542284
4, 0.0999992, 0.0999992, 0.0447058, 0.0440886
