opt, p1, p2, p3, p4
1, 0.299876, 0.400176, 0.645437, 0.6938
2, 0.299919, 0.400048, 0.641033, 0.193666
3, 0.299982, 0.399936, 0.143647, 0.692894
4, 0.300031, 0.399956, 0.145309, 0.191753
