opt, p1, p2, p3, p4
1, 0.399983, 0.899938, 0.691909, 0.942034
2, 0.400216, 0.899677, 0.693561, 0.442595
3, 0.400016, 0.89996, 0.189465, 0.942025
4, 0.400116, 0.900268, 0.19446, 0.440184
