opt, p1, p2, p3, p4
1, 0.59978, 0.100034, 0.79724, 0.547154
2, 0.599992, 0.100004, 0.798505, 0.0465582
3, 0.599726, 0.100054, 0.296696, 0.544972
4, 0.600026, 0.100002, 0.300348, 0.0455364
