opt, p1, p2, p3, p4
1, 0, 0.759817, 0.498948, 0.870799
2, 0, 0.760603, 0.500485, 0.370416
