opt, p1, p2, p3, p4
2, 1, 0.700003, 0.99653, 0.631757
3, 1, 0.699905, 0.490754, 0.843745
4, 1, 0.699535, 0.497845, 0.343319
