opt, p1, p2, p3, p4
1, 0.339879, 0, 0.664474, 0.499041
3, 0.339915, 0, 0.166962, 0.50085
