opt, p1, p2, p3, p4
1, 0, 0.740186, 0.500128, 0.860824
2, 0, 0.739461, 0.500164, 0.361242
