opt, p1, p2, p3, p4
1, 0, 0.5, 0.500576, 0.741133
2, 0, 0.5, 0.499801, 0.242034
