opt, p1, p2, p3, p4
1, 0, 0.660123, 0.500421, 0.820986
2, 0, 0.660137, 0.500167, 0.320924
