opt, p1, p2, p3, p4
1, 0.399947, 0.799894, 0.691466, 0.89225
2, 0.400194, 0.800389, 0.695668, 0.394074
3, 0.399973, 0.799946, 0.193274, 0.891484
4, 0.400083, 0.800166, 0.194559, 0.392098
