opt, p1, p2, p3, p4
1, 0.899978, 0, 0.949048, 0.49687
3, 0.899182, 0, 0.449409, 0.500756
