opt, p1, p2, p3, p4
1, 0, 0.820118, 0.496305, 0.899462
2, 0, 0.820264, 0.502257, 0.400562
