opt, p1, p2, p3, p4
1, 0, 0.41993, 0.500757, 0.701713
2, 0, 0.419934, 0.49878, 0.202927
