opt, p1, p2, p3, p4
1, 0.5, 0.40009, 0.745682, 0.693514
2, 0.5, 0.399932, 0.74482, 0.195106
3, 0.5, 0.400076, 0.243847, 0.693891
4, 0.5, 0.399934, 0.245203, 0.192873
