opt, p1, p2, p3, p4
1, 0.599863, 0.40001, 0.795254, 0.694079
2, 0.600007, 0.39994, 0.794314, 0.194211
3, 0.599782, 0.400132, 0.294803, 0.69421
4, 0.599881, 0.399983, 0.297854, 0.191855
