opt, p1, p2, p3, p4
1, 0.0999888, 0.900013, 0.542719, 0.939981
2, 0.100068, 0.899269, 0.542084, 0.441572
3, 0.099999, 0.900008, 0.0400892, 0.940516
4, 0.0999954, 0.899938, 0.0430637, 0.42969
