opt, p1, p2, p3, p4
1, 0.300005, 0.79988, 0.642524, 0.891972
2, 0.299881, 0.800444, 0.642997, 0.391724
3, 0.300017, 0.799995, 0.141325, 0.890899
4, 0.299945, 0.79994, 0.14254, 0.388858
