opt, p1, p2, p3, p4
1, 0.5, 0.599905, 0.743437, 0.793693
2, 0.5, 0.59982, 0.744322, 0.293391
3, 0.5, 0.599919, 0.24401, 0.793789
4, 0.5, 0.599827, 0.245335, 0.293067
