opt, p1, p2, p3, p4
1, 0.300002, 0.100061, 0.646766, 0.546031
2, 0.300019, 0.0999981, 0.644673, 0.045141
3, 0.299923, 0.100009, 0.144829, 0.542647
4, 0.299993, 0.100003, 0.148033, 0.0448346
