opt, p1, p2, p3, p4
1, 0.29989, 0.5, 0.645249, 0.743528
2, 0.299895, 0.5, 0.645411, 0.244774
3, 0.300018, 0.5, 0.143428, 0.742081
4, 0.300028, 0.5, 0.144945, 0.24253
