opt, p1, p2, p3, p4
1, 0.24018, 0, 0.616697, 0.500831
3, 0.240053, 0, 0.115671, 0.497393
