opt, p1, p2, p3, p4
2, 1, 0.36, 0.997888, 0.554122
3, 1, 0.359924, 0.496368, 0.67527
4, 1, 0.360095, 0.502094, 0.175411
