opt, p1, p2, p3, p4
2, 1, 0.980001, 0.996192, 0.646142
3, 1, 0.979984, 0.467046, 0.982137
4, 1, 0.979244, 0.496724, 0.48096
