opt, p1, p2, p3, p4
1, 0.200013, 0.700052, 0.591673, 0.842306
2, 0.200111, 0.699605, 0.593361, 0.342653
3, 0.200002, 0.699966, 0.0912062, 0.843693
4, 0.199974, 0.70009, 0.0944829, 0.337933
