opt, p1, p2, p3, p4
1, 0.700134, 0.299947, 0.846162, 0.645601
2, 0.700046, 0.300027, 0.846138, 0.145558
3, 0.699658, 0.299869, 0.343945, 0.644579
4, 0.700128, 0.299961, 0.349691, 0.144912
