opt, p1, p2, p3, p4
1, 0.599826, 0.299913, 0.795871, 0.646818
2, 0.600065, 0.300032, 0.796965, 0.146192
3, 0.599758, 0.299879, 0.29539, 0.646074
4, 0.59998, 0.29999, 0.295287, 0.144779
