opt, p1, p2, p3, p4
1, 0.899945, 0.0999913, 0.94813, 0.547301
2, 0.900009, 0.099999, 0.947661, 0.0473258
3, 0.899261, 0.100069, 0.447442, 0.545436
4, 0.899934, 0.0999933, 0.45945, 0.0463877
