opt, p1, p2, p3, p4
1, 0, 0.93995, 0.501321, 0.959568
2, 0, 0.939863, 0.49873, 0.460135
