opt, p1, p2, p3, p4
1, 0.200082, 0.5, 0.593317, 0.742426
2, 0.200076, 0.5, 0.595064, 0.244292
3, 0.199982, 0.5, 0.0935686, 0.743486
4, 0.199983, 0.5, 0.0942019, 0.242985
