opt, p1, p2, p3, p4
1, 0.599984, 0.599984, 0.793871, 0.794196
2, 0.59987, 0.59987, 0.795206, 0.294363
3, 0.599866, 0.599866, 0.290459, 0.791644
4, 0.59979, 0.59979, 0.29556, 0.292509
