opt, p1, p2, p3, p4
1, 0.979986, 0, 0.989488, 0.51193
3, 0.979188, 0, 0.489383, 0.500232
