opt, p1, p2, p3, p4
1, 0.700123, 0.399934, 0.845872, 0.695946
2, 0.700082, 0.399952, 0.847152, 0.197227
3, 0.699728, 0.400168, 0.346449, 0.692669
4, 0.700007, 0.400045, 0.349488, 0.192384
