opt, p1, p2, p3, p4
1, 0.75982, 0, 0.878046, 0.500501
3, 0.760623, 0, 0.37821, 0.500199
