opt, p1, p2, p3, p4
2, 1, 0.899998, 0.996333, 0.621158
3, 1, 0.900025, 0.486551, 0.942563
4, 1, 0.899198, 0.497824, 0.439524
