opt, p1, p2, p3, p4
1, 0.359921, 0, 0.676103, 0.498902
3, 0.360095, 0, 0.175381, 0.497989
