opt, p1, p2, p3, p4
2, 1, 0.200001, 0.998472, 0.529775
3, 1, 0.200137, 0.497829, 0.596826
4, 1, 0.199967, 0.502777, 0.0958419
