opt, p1, p2, p3, p4
1, 0, 0.519685, 0.498923, 0.751772
2, 0, 0.519684, 0.500114, 0.251575
