opt, p1, p2, p3, p4
1, 0.4002, 0.2001, 0.695885, 0.596904
2, 0.399953, 0.199976, 0.69467, 0.0953896
3, 0.400095, 0.200047, 0.19572, 0.594523
4, 0.399984, 0.199992, 0.195632, 0.0927981
