opt, p1, p2, p3, p4
1, 0.120094, 0, 0.555646, 0.499292
3, 0.119996, 0, 0.0550179, 0.500723
