opt, p1, p2, p3, p4
1, 0.900014, 0.800017, 0.945654, 0.897159
2, 0.899933, 0.799944, 0.947153, 0.397543
3, 0.900169, 0.799867, 0.443969, 0.892221
4, 0.899389, 0.800513, 0.446993, 0.391922
