opt, p1, p2, p3, p4
1, 0.200137, 0, 0.594846, 0.501123
3, 0.199967, 0, 0.0965835, 0.499448
