opt, p1, p2, p3, p4
1, 0.400019, 0.599857, 0.694101, 0.793802
2, 0.400127, 0.599785, 0.695251, 0.293863
3, 0.399939, 0.600002, 0.194032, 0.793412
4, 0.39998, 0.599883, 0.194813, 0.290952
