opt, p1, p2, p3, p4
2, 1, 0.96, 0.996298, 0.637237
3, 1, 0.95997, 0.480604, 0.97204
4, 1, 0.960761, 0.497111, 0.47072
