opt, p1, p2, p3, p4
1, 0.5, 0, 0.748329, 0.501035
3, 0.5, 0, 0.246325, 0.500884
