opt, p1, p2, p3, p4
1, 0, 0.720098, 0.499067, 0.850089
2, 0, 0.719759, 0.499466, 0.349792
