opt, p1, p2, p3, p4
1, 1, 0, 0.999486, 0.549431
2, 1, 0, 0.999451, 0.488306
3, 1, 0, 0.499375, 0.501016
