opt, p1, p2, p3, p4
1, 0.0400262, 0, 0.513985, 0.500273
3, 0.0400008, 0, 0.0144604, 0.498885
