opt, p1, p2, p3, p4
1, 0, 0.219958, 0.500131, 0.60337
2, 0, 0.219999, 0.502886, 0.103422
