opt, p1, p2, p3, p4
1, 0.100056, 0.400223, 0.542724, 0.692547
2, 0.100031, 0.400123, 0.547417, 0.193615
3, 0.100003, 0.400012, 0.0428718, 0.694858
4, 0.100003, 0.400013, 0.0438923, 0.189835
