opt, p1, p2, p3, p4
1, 0.700089, 0.600067, 0.844581, 0.794365
2, 0.700121, 0.599958, 0.845742, 0.295427
3, 0.699968, 0.599828, 0.344633, 0.793919
4, 0.699747, 0.599764, 0.347219, 0.292699
