opt, p1, p2, p3, p4
1, 0.799869, 0.0999836, 0.897915, 0.548102
2, 0.800012, 0.100001, 0.895587, 0.0458784
3, 0.800521, 0.100065, 0.398244, 0.545281
4, 0.799966, 0.0999958, 0.404695, 0.0457919
