opt, p1, p2, p3, p4
2, 1, 0.14, 0.998746, 0.534483
3, 1, 0.139916, 0.497411, 0.567783
4, 1, 0.140013, 0.503394, 0.0662363
