opt, p1, p2, p3, p4
1, 0.399933, 0.700125, 0.691077, 0.843049
2, 0.400165, 0.699734, 0.694635, 0.34404
3, 0.39995, 0.700087, 0.192112, 0.842481
4, 0.400039, 0.700022, 0.195346, 0.342122
