opt, p1, p2, p3, p4
1, 0, 0.799925, 0.50051, 0.890157
2, 0, 0.80054, 0.50012, 0.390877
