opt, p1, p2, p3, p4
1, 0.900011, 0.900011, 0.944488, 0.944598
2, 0.899957, 0.899957, 0.946953, 0.450747
3, 0.899981, 0.899981, 0.440493, 0.942109
4, 0.899285, 0.899285, 0.448122, 0.442163
