opt, p1, p2, p3, p4
1, 0.200114, 0.299912, 0.592987, 0.645218
2, 0.199993, 0.299939, 0.591089, 0.143795
3, 0.199973, 0.300034, 0.0942281, 0.643806
4, 0.200004, 0.300013, 0.095557, 0.141424
