opt, p1, p2, p3, p4
1, 0.560063, 0, 0.777899, 0.499594
3, 0.560159, 0, 0.277222, 0.500381
