opt, p1, p2, p3, p4
1, 0, 0.860115, 0.499392, 0.920043
2, 0, 0.859551, 0.499293, 0.420903
