opt, p1, p2, p3, p4
1, 0.959974, 0, 0.979388, 0.495177
3, 0.960764, 0, 0.479117, 0.498839
