opt, p1, p2, p3, p4
1, 0, 0.380209, 0.499575, 0.682623
2, 0, 0.379901, 0.498525, 0.182933
