opt, p1, p2, p3, p4
1, 0.100062, 0.100062, 0.544109, 0.544328
2, 0.0999935, 0.0999935, 0.544494, 0.0441925
3, 0.0999941, 0.0999941, 0.0447331, 0.545845
4, 0.0999992, 0.0999992, 0.0445629, 0.0454496
