opt, p1, p2, p3, p4
1, 0, 0.359917, 0.499376, 0.671611
2, 0, 0.360091, 0.500453, 0.17297
