opt, p1, p2, p3, p4
1, 0, 0.979984, 0.500159, 0.979664
2, 0, 0.979246, 0.500251, 0.477069
