opt, p1, p2, p3, p4
1, 1, 1, 0.996108, 0.62783
2, 1, 1, 0.99625, 0.656407
3, 1, 1, 0.437145, 0.991579
4, 1, 1, 0.498039, 0.491718
