opt, p1, p2, p3, p4
1, 0, 0.58007, 0.501374, 0.780925
2, 0, 0.580072, 0.500347, 0.282961
