opt, p1, p2, p3, p4
1, 0.0199996, 0.979984, 0.500794, 0.979748
2, 0.020013, 0.979253, 0.502892, 0.480596
4, 0.02, 0.980003, 0.00311962, 0.297463
