opt, p1, p2, p3, p4
1, 0, 0.139914, 0.50025, 0.563182
2, 0, 0.140012, 0.503889, 0.0639369
