opt, p1, p2, p3, p4
1, 0.400173, 0.299877, 0.693934, 0.643877
2, 0.399936, 0.299982, 0.694073, 0.144429
3, 0.400053, 0.299917, 0.195185, 0.642656
4, 0.399954, 0.300032, 0.196479, 0.143843
