opt, p1, p2, p3, p4
2, 1, 0.660003, 0.996681, 0.631881
3, 1, 0.660122, 0.492993, 0.823707
4, 1, 0.660137, 0.499695, 0.324416
