opt, p1, p2, p3, p4
2, 1, 0.0600001, 0.999216, 0.533484
3, 1, 0.0600476, 0.497313, 0.526807
4, 1, 0.0599982, 0.513875, 0.0265164
