opt, p1, p2, p3, p4
1, 0, 0.900041, 0.498387, 0.939812
2, 0, 0.899198, 0.500209, 0.439013
