opt, p1, p2, p3, p4
1, 0.72007, 0, 0.858921, 0.496465
3, 0.71974, 0, 0.356969, 0.499817
