opt, p1, p2, p3, p4
1, 0, 1, 0.496101, 0.989385
2, 0, 1, 0.499712, 0.489452
