opt, p1, p2, p3, p4
1, 0.219956, 0, 0.606462, 0.502486
3, 0.220002, 0, 0.105554, 0.49416
