opt, p1, p2, p3, p4
1, 0.600053, 0.799938, 0.794695, 0.892874
2, 0.599806, 0.800191, 0.79595, 0.395476
3, 0.600067, 0.799898, 0.293485, 0.892332
4, 0.599744, 0.800377, 0.295824, 0.390523
