opt, p1, p2, p3, p4
1, 0.400236, 0, 0.696675, 0.499309
3, 0.40015, 0, 0.196469, 0.502154
