opt, p1, p2, p3, p4
1, 0.899949, 0.5, 0.946851, 0.746674
2, 0.899953, 0.5, 0.947896, 0.251469
3, 0.899904, 0.5, 0.446871, 0.744292
4, 0.899969, 0.5, 0.447822, 0.244688
