opt, p1, p2, p3, p4
1, 0, 0.539684, 0.500088, 0.761868
2, 0, 0.539626, 0.501074, 0.260641
