opt, p1, p2, p3, p4
1, 0.51969, 0, 0.756018, 0.497328
3, 0.51968, 0, 0.258143, 0.499642
