opt, p1, p2, p3, p4
1, 0.100061, 0.30001, 0.542026, 0.643605
2, 0.100008, 0.299924, 0.544312, 0.14343
3, 0.0999992, 0.300017, 0.0429599, 0.641086
4, 0.100002, 0.299993, 0.0441227, 0.142814
