opt, p1, p2, p3, p4
1, 0.439936, 0, 0.715413, 0.497762
3, 0.440086, 0, 0.217002, 0.503752
