opt, p1, p2, p3, p4
1, 0.899978, 0.699975, 0.944665, 0.845129
2, 0.899939, 0.700008, 0.946626, 0.346417
3, 0.900241, 0.699987, 0.443915, 0.843864
4, 0.899528, 0.699569, 0.449991, 0.34269
