opt, p1, p2, p3, p4
1, 0.900009, 0.900009, 0.946124, 0.946748
2, 0.899938, 0.899938, 0.948864, 0.449359
3, 0.899946, 0.899946, 0.443457, 0.946669
4, 0.899271, 0.899271, 0.448528, 0.446645
