opt, p1, p2, p3, p4
1, 0, 0.879903, 0.495436, 0.930002
2, 0, 0.880067, 0.499818, 0.42957
