opt, p1, p2, p3, p4
2, 1, 0.679995, 0.996791, 0.613014
3, 1, 0.67983, 0.494235, 0.832946
4, 1, 0.679758, 0.499362, 0.33302
