opt, p1, p2, p3, p4
1, 0, 0.0600477, 0.499594, 0.524123
2, 0, 0.0599982, 0.503327, 0.0242372
