opt, p1, p2, p3, p4
1, 0, 0.1799, 0.499964, 0.584163
2, 0, 0.179995, 0.500323, 0.0830271
