opt, p1, p2, p3, p4
1, 0, 0.120094, 0.498721, 0.553796
2, 0, 0.119996, 0.498993, 0.0536935
