opt, p1, p2, p3, p4
1, 0.799886, 0.300022, 0.896734, 0.649039
2, 0.800005, 0.300016, 0.897985, 0.146474
3, 0.80045, 0.299897, 0.395653, 0.642562
4, 0.799958, 0.299942, 0.396209, 0.144568
