opt, p1, p2, p3, p4
1, 0, 0.0400262, 0.500337, 0.514879
2, 0, 0.0400008, 0.494913, 0.0142102
