opt, p1, p2, p3, p4
1, 0, 0.279929, 0.49933, 0.633049
2, 0, 0.279917, 0.498543, 0.133023
