opt, p1, p2, p3, p4
1, 0.799898, 0.399949, 0.89736, 0.696486
2, 0.799949, 0.399975, 0.895823, 0.198176
3, 0.800393, 0.400197, 0.394169, 0.69461
4, 0.800167, 0.400084, 0.400717, 0.194558
