opt, p1, p2, p3, p4
1, 0.5, 0.5, 0.745552, 0.745092
2, 0.5, 0.5, 0.746873, 0.245203
3, 0.5, 0.5, 0.243826, 0.742861
4, 0.5, 0.5, 0.24599, 0.242404
