opt, p1, p2, p3, p4
2, 1, 0.5, 0.997188, 0.585678
3, 1, 0.5, 0.493489, 0.744636
4, 1, 0.5, 0.500957, 0.245068
