opt, p1, p2, p3, p4
1, 0.699975, 0.899977, 0.841725, 0.942667
2, 0.7, 0.900239, 0.845579, 0.443483
3, 0.700026, 0.899935, 0.340504, 0.941542
4, 0.699571, 0.899534, 0.347346, 0.44094
