opt, p1, p2, p3, p4
1, 0.799863, 0, 0.898699, 0.498255
3, 0.800545, 0, 0.39787, 0.499485
