opt, p1, p2, p3, p4
2, 1, 0.940002, 0.996222, 0.630217
3, 1, 0.93995, 0.480475, 0.962756
4, 1, 0.939859, 0.498473, 0.461175
