opt, p1, p2, p3, p4
1, 0.699989, 0.100013, 0.846771, 0.546855
2, 0.699981, 0.100003, 0.845984, 0.0478825
3, 0.699561, 0.10006, 0.346891, 0.546185
4, 0.699984, 0.0999987, 0.351059, 0.0461441
