opt, p1, p2, p3, p4
1, 0.0999908, 0.899959, 0.544764, 0.946216
2, 0.100068, 0.899267, 0.548171, 0.447197
3, 0.099999, 0.900009, 0.0471541, 0.94618
4, 0.0999928, 0.899933, 0.0473149, 0.447758
