opt, p1, p2, p3, p4
2, 1, 0.18, 0.998496, 0.517037
3, 1, 0.179902, 0.498318, 0.586688
4, 1, 0.179992, 0.505822, 0.0863671
