opt, p1, p2, p3, p4
1, 0.320168, 0, 0.655931, 0.502302
3, 0.319993, 0, 0.156812, 0.497658
