opt, p1, p2, p3, p4
1, 0.799924, 0.799924, 0.843482, 0.845007
2, 0.799868, 0.799868, 0.862858, 0.359023
3, 0.799984, 0.799984, 0.333899, 0.828585
4, 0.800388, 0.800388, 0.369198, 0.323724
