opt, p1, p2, p3, p4
1, 0.799885, 0.799885, 0.500219, 0.500086
