opt, p1, p2, p3, p4
1, 0.800031, 0.800031, 0.90052, 0.90068
2, 0.799877, 0.799877, 0.899728, 0.398995
3, 0.799878, 0.799878, 0.399943, 0.898664
4, 0.800485, 0.800485, 0.400538, 0.398498
